,Feat 0,Feat 1,Feat 2,Feat 3,Feat 4,Feat 5,Feat 6,class
0,-50.0,-57.0,-60.0,-43.0,-66.0,-77.0,-82.0,2
1,-38.0,-55.0,-51.0,-43.0,-64.0,-73.0,-73.0,1
2,-48.0,-59.0,-54.0,-55.0,-60.0,-84.0,-87.0,2
3,-50.0,-68.0,-48.0,-56.0,-63.0,-80.0,-77.0,2
4,-50.0,-52.0,-52.0,-56.0,-67.0,-80.0,-89.0,2
5,-50.0,-58.0,-51.0,-52.0,-60.0,-81.0,-79.0,2
6,-37.0,-55.0,-56.0,-37.0,-67.0,-70.0,-66.0,1
7,-49.0,-49.0,-47.0,-50.0,-59.0,-79.0,-88.0,2
8,-48.0,-58.0,-57.0,-45.0,-73.0,-86.0,-92.0,1
9,-65.0,-61.0,-63.0,-63.0,-69.0,-82.0,-84.0,0
10,-65.0,-54.0,-60.0,-64.0,-65.0,-87.0,-82.0,0
11,-38.0,-53.0,-54.0,-43.0,-70.0,-77.0,-75.0,1
12,-58.0,-65.0,-47.0,-71.0,-51.0,-86.0,-83.0,3
13,-59.0,-53.0,-51.0,-54.0,-45.0,-79.0,-87.0,3
14,-65.0,-54.0,-53.0,-61.0,-43.0,-84.0,-83.0,3
15,-68.0,-56.0,-66.0,-69.0,-75.0,-82.0,-83.0,0
16,-56.0,-53.0,-58.0,-64.0,-71.0,-84.0,-87.0,0
17,-61.0,-56.0,-44.0,-61.0,-49.0,-91.0,-86.0,3
18,-63.0,-57.0,-60.0,-64.0,-72.0,-80.0,-78.0,0
19,-61.0,-57.0,-58.0,-62.0,-67.0,-78.0,-76.0,0
20,-52.0,-57.0,-50.0,-52.0,-60.0,-78.0,-79.0,2
21,-50.0,-57.0,-61.0,-50.0,-74.0,-83.0,-79.0,1
22,-61.0,-55.0,-45.0,-55.0,-56.0,-85.0,-85.0,3
23,-64.0,-58.0,-51.0,-59.0,-40.0,-88.0,-87.0,3
24,-62.0,-57.0,-44.0,-61.0,-44.0,-89.0,-87.0,3
25,-53.0,-53.0,-52.0,-55.0,-60.0,-82.0,-84.0,2
26,-61.0,-53.0,-53.0,-61.0,-63.0,-77.0,-81.0,0
27,-35.0,-52.0,-55.0,-38.0,-62.0,-66.0,-85.0,1
28,-59.0,-62.0,-54.0,-62.0,-46.0,-87.0,-91.0,3
29,-51.0,-52.0,-58.0,-49.0,-60.0,-84.0,-74.0,2
30,-69.0,-59.0,-59.0,-65.0,-78.0,-86.0,-87.0,0
31,-63.0,-58.0,-61.0,-67.0,-69.0,-86.0,-85.0,0
32,-62.0,-63.0,-57.0,-69.0,-71.0,-82.0,-82.0,0
33,-59.0,-50.0,-45.0,-60.0,-45.0,-88.0,-87.0,3
34,-64.0,-58.0,-45.0,-66.0,-48.0,-89.0,-93.0,3
35,-59.0,-56.0,-50.0,-62.0,-47.0,-87.0,-90.0,3
36,-34.0,-61.0,-52.0,-27.0,-61.0,-67.0,-69.0,1
37,-39.0,-59.0,-57.0,-42.0,-75.0,-78.0,-74.0,1
38,-45.0,-60.0,-56.0,-54.0,-59.0,-84.0,-85.0,2
39,-57.0,-53.0,-50.0,-61.0,-56.0,-84.0,-83.0,3
40,-62.0,-49.0,-59.0,-63.0,-62.0,-80.0,-79.0,0
41,-46.0,-54.0,-53.0,-47.0,-63.0,-85.0,-80.0,2
42,-18.0,-50.0,-57.0,-36.0,-62.0,-66.0,-71.0,1
43,-36.0,-51.0,-67.0,-40.0,-63.0,-74.0,-68.0,1
44,-62.0,-59.0,-48.0,-65.0,-51.0,-87.0,-86.0,3
45,-45.0,-50.0,-50.0,-55.0,-57.0,-76.0,-75.0,2
46,-69.0,-61.0,-62.0,-62.0,-75.0,-85.0,-84.0,0
47,-34.0,-57.0,-55.0,-35.0,-59.0,-71.0,-69.0,1
48,-39.0,-51.0,-57.0,-36.0,-64.0,-65.0,-71.0,1
49,-46.0,-53.0,-54.0,-46.0,-63.0,-79.0,-82.0,2
50,-48.0,-52.0,-54.0,-52.0,-63.0,-80.0,-77.0,2
51,-51.0,-55.0,-51.0,-49.0,-61.0,-82.0,-81.0,2
52,-59.0,-55.0,-46.0,-66.0,-50.0,-86.0,-91.0,3
53,-35.0,-58.0,-55.0,-36.0,-62.0,-70.0,-73.0,1
54,-16.0,-58.0,-58.0,-13.0,-68.0,-76.0,-90.0,1
55,-59.0,-59.0,-49.0,-62.0,-47.0,-82.0,-81.0,3
56,-51.0,-63.0,-51.0,-52.0,-66.0,-79.0,-89.0,2
57,-60.0,-59.0,-56.0,-63.0,-64.0,-82.0,-81.0,0
58,-61.0,-61.0,-51.0,-62.0,-54.0,-85.0,-91.0,3
59,-66.0,-59.0,-64.0,-67.0,-77.0,-87.0,-85.0,0
60,-62.0,-58.0,-49.0,-64.0,-42.0,-86.0,-89.0,3
61,-53.0,-58.0,-51.0,-50.0,-62.0,-84.0,-81.0,2
62,-64.0,-58.0,-60.0,-67.0,-68.0,-84.0,-81.0,0
63,-62.0,-61.0,-51.0,-68.0,-48.0,-88.0,-88.0,3
64,-56.0,-56.0,-62.0,-64.0,-70.0,-79.0,-86.0,0
65,-59.0,-53.0,-49.0,-56.0,-49.0,-83.0,-88.0,3
66,-59.0,-52.0,-61.0,-61.0,-76.0,-75.0,-78.0,0
67,-58.0,-50.0,-55.0,-54.0,-61.0,-84.0,-87.0,0
68,-62.0,-56.0,-61.0,-67.0,-67.0,-81.0,-85.0,0
69,-62.0,-51.0,-53.0,-60.0,-67.0,-78.0,-85.0,0
70,-50.0,-53.0,-52.0,-50.0,-64.0,-78.0,-88.0,2
71,-64.0,-55.0,-52.0,-61.0,-50.0,-92.0,-94.0,3
72,-40.0,-54.0,-54.0,-45.0,-71.0,-76.0,-74.0,1
73,-41.0,-58.0,-60.0,-47.0,-70.0,-82.0,-74.0,1
74,-51.0,-47.0,-50.0,-49.0,-59.0,-80.0,-85.0,2
75,-48.0,-55.0,-53.0,-51.0,-63.0,-82.0,-86.0,2
76,-61.0,-56.0,-48.0,-62.0,-54.0,-88.0,-86.0,3
77,-53.0,-54.0,-56.0,-52.0,-63.0,-81.0,-85.0,2
78,-53.0,-58.0,-51.0,-48.0,-63.0,-85.0,-78.0,2
79,-59.0,-49.0,-44.0,-61.0,-45.0,-89.0,-89.0,3
80,-61.0,-54.0,-54.0,-67.0,-60.0,-81.0,-83.0,0
81,-41.0,-53.0,-56.0,-36.0,-62.0,-75.0,-77.0,1
82,-62.0,-58.0,-50.0,-58.0,-47.0,-95.0,-87.0,3
83,-61.0,-54.0,-51.0,-63.0,-44.0,-87.0,-88.0,3
84,-55.0,-54.0,-43.0,-60.0,-51.0,-84.0,-88.0,3
85,-52.0,-57.0,-53.0,-47.0,-57.0,-80.0,-83.0,2
86,-57.0,-54.0,-48.0,-55.0,-47.0,-82.0,-86.0,3
87,-35.0,-60.0,-54.0,-35.0,-61.0,-81.0,-80.0,1
88,-36.0,-54.0,-56.0,-16.0,-61.0,-64.0,-79.0,1
89,-59.0,-53.0,-57.0,-60.0,-51.0,-87.0,-88.0,3
90,-65.0,-57.0,-63.0,-71.0,-76.0,-87.0,-86.0,0
91,-67.0,-57.0,-60.0,-60.0,-75.0,-83.0,-87.0,0
92,-37.0,-60.0,-53.0,-38.0,-65.0,-67.0,-70.0,1
93,-57.0,-55.0,-50.0,-57.0,-49.0,-84.0,-85.0,3
94,-42.0,-58.0,-63.0,-41.0,-75.0,-69.0,-67.0,1
95,-51.0,-52.0,-49.0,-50.0,-63.0,-79.0,-79.0,2
96,-63.0,-56.0,-60.0,-62.0,-70.0,-84.0,-91.0,0
97,-50.0,-54.0,-60.0,-43.0,-74.0,-76.0,-77.0,1
98,-52.0,-55.0,-51.0,-49.0,-64.0,-87.0,-84.0,2
99,-50.0,-56.0,-53.0,-40.0,-65.0,-86.0,-80.0,2
100,-56.0,-53.0,-51.0,-59.0,-50.0,-84.0,-84.0,3
101,-57.0,-53.0,-50.0,-59.0,-52.0,-83.0,-82.0,3
102,-48.0,-55.0,-54.0,-48.0,-67.0,-85.0,-81.0,2
103,-60.0,-53.0,-52.0,-62.0,-50.0,-91.0,-88.0,3
104,-36.0,-59.0,-57.0,-19.0,-70.0,-69.0,-75.0,1
105,-59.0,-52.0,-57.0,-60.0,-49.0,-86.0,-88.0,3
106,-67.0,-59.0,-62.0,-65.0,-71.0,-91.0,-84.0,0
107,-56.0,-50.0,-47.0,-60.0,-50.0,-88.0,-83.0,3
108,-52.0,-57.0,-61.0,-59.0,-59.0,-85.0,-85.0,2
109,-57.0,-56.0,-54.0,-69.0,-75.0,-83.0,-81.0,0
110,-19.0,-59.0,-67.0,-35.0,-65.0,-66.0,-74.0,1
111,-62.0,-59.0,-50.0,-66.0,-54.0,-95.0,-84.0,3
112,-57.0,-55.0,-50.0,-63.0,-50.0,-89.0,-79.0,3
113,-48.0,-57.0,-52.0,-51.0,-62.0,-86.0,-81.0,2
114,-65.0,-51.0,-49.0,-63.0,-49.0,-92.0,-91.0,3
115,-59.0,-56.0,-58.0,-66.0,-51.0,-92.0,-88.0,3
116,-56.0,-54.0,-43.0,-60.0,-50.0,-86.0,-85.0,3
117,-15.0,-60.0,-59.0,-37.0,-65.0,-74.0,-73.0,1
118,-61.0,-49.0,-42.0,-66.0,-43.0,-80.0,-91.0,3
119,-48.0,-58.0,-52.0,-53.0,-61.0,-88.0,-83.0,2
120,-60.0,-59.0,-50.0,-58.0,-45.0,-87.0,-89.0,3
121,-64.0,-56.0,-69.0,-64.0,-73.0,-89.0,-85.0,0
122,-51.0,-55.0,-46.0,-54.0,-63.0,-84.0,-79.0,2
123,-37.0,-58.0,-57.0,-37.0,-73.0,-75.0,-71.0,1
124,-49.0,-54.0,-55.0,-53.0,-66.0,-73.0,-80.0,1
125,-68.0,-58.0,-65.0,-65.0,-76.0,-87.0,-82.0,0
126,-61.0,-62.0,-54.0,-69.0,-46.0,-93.0,-98.0,3
127,-61.0,-54.0,-48.0,-64.0,-49.0,-89.0,-81.0,3
128,-66.0,-56.0,-59.0,-62.0,-67.0,-80.0,-78.0,0
129,-52.0,-57.0,-52.0,-52.0,-70.0,-87.0,-77.0,2
130,-53.0,-62.0,-57.0,-49.0,-61.0,-88.0,-87.0,2
131,-40.0,-57.0,-47.0,-42.0,-69.0,-73.0,-70.0,1
132,-46.0,-53.0,-53.0,-43.0,-59.0,-83.0,-78.0,2
133,-42.0,-54.0,-54.0,-43.0,-59.0,-74.0,-72.0,1
134,-64.0,-56.0,-64.0,-65.0,-75.0,-85.0,-90.0,0
135,-35.0,-53.0,-55.0,-47.0,-61.0,-66.0,-71.0,1
136,-64.0,-62.0,-57.0,-69.0,-67.0,-77.0,-81.0,0
137,-46.0,-53.0,-54.0,-52.0,-64.0,-79.0,-84.0,2
138,-36.0,-58.0,-56.0,-39.0,-62.0,-67.0,-73.0,1
139,-46.0,-52.0,-46.0,-39.0,-74.0,-71.0,-78.0,1
140,-63.0,-54.0,-47.0,-64.0,-50.0,-83.0,-88.0,3
141,-62.0,-54.0,-58.0,-64.0,-65.0,-77.0,-85.0,0
142,-44.0,-53.0,-52.0,-36.0,-70.0,-72.0,-76.0,1
143,-12.0,-54.0,-54.0,-11.0,-70.0,-75.0,-74.0,1
144,-61.0,-56.0,-57.0,-65.0,-54.0,-85.0,-88.0,3
145,-62.0,-60.0,-66.0,-68.0,-80.0,-86.0,-91.0,0
146,-46.0,-56.0,-53.0,-53.0,-61.0,-87.0,-77.0,2
147,-57.0,-50.0,-58.0,-60.0,-51.0,-87.0,-88.0,3
148,-52.0,-56.0,-50.0,-56.0,-69.0,-79.0,-78.0,2
149,-40.0,-54.0,-49.0,-43.0,-62.0,-70.0,-65.0,1
150,-43.0,-62.0,-66.0,-43.0,-73.0,-77.0,-76.0,1
151,-18.0,-60.0,-59.0,-17.0,-68.0,-75.0,-75.0,1
152,-51.0,-60.0,-57.0,-54.0,-64.0,-84.0,-83.0,2
153,-52.0,-57.0,-58.0,-57.0,-68.0,-86.0,-83.0,2
154,-60.0,-51.0,-51.0,-59.0,-54.0,-86.0,-89.0,3
155,-59.0,-54.0,-63.0,-72.0,-75.0,-81.0,-78.0,0
156,-56.0,-50.0,-51.0,-60.0,-58.0,-81.0,-84.0,3
157,-60.0,-56.0,-48.0,-61.0,-49.0,-92.0,-82.0,3
158,-36.0,-55.0,-53.0,-46.0,-63.0,-68.0,-71.0,1
159,-46.0,-55.0,-54.0,-45.0,-62.0,-76.0,-73.0,1
160,-60.0,-53.0,-50.0,-66.0,-39.0,-86.0,-86.0,3
161,-39.0,-57.0,-55.0,-37.0,-67.0,-70.0,-73.0,1
162,-36.0,-54.0,-52.0,-20.0,-66.0,-70.0,-74.0,1
163,-35.0,-54.0,-54.0,-35.0,-59.0,-73.0,-70.0,1
164,-51.0,-55.0,-52.0,-48.0,-63.0,-87.0,-85.0,2
165,-64.0,-58.0,-45.0,-65.0,-51.0,-92.0,-92.0,3
166,-57.0,-51.0,-49.0,-64.0,-52.0,-88.0,-81.0,3
167,-62.0,-53.0,-61.0,-59.0,-74.0,-84.0,-81.0,0
168,-59.0,-52.0,-55.0,-59.0,-55.0,-88.0,-85.0,3
169,-59.0,-54.0,-49.0,-60.0,-46.0,-86.0,-87.0,3
170,-61.0,-52.0,-54.0,-63.0,-64.0,-84.0,-82.0,0
171,-49.0,-52.0,-54.0,-52.0,-60.0,-83.0,-79.0,2
172,-69.0,-52.0,-48.0,-66.0,-48.0,-88.0,-87.0,3
173,-17.0,-61.0,-60.0,-15.0,-72.0,-69.0,-79.0,1
174,-50.0,-55.0,-54.0,-50.0,-69.0,-79.0,-82.0,2
175,-44.0,-52.0,-56.0,-47.0,-63.0,-71.0,-75.0,1
176,-14.0,-55.0,-57.0,-34.0,-67.0,-71.0,-72.0,1
177,-53.0,-52.0,-51.0,-53.0,-64.0,-80.0,-81.0,2
178,-39.0,-58.0,-54.0,-39.0,-62.0,-71.0,-77.0,1
179,-55.0,-50.0,-46.0,-57.0,-48.0,-76.0,-87.0,3
180,-62.0,-55.0,-53.0,-65.0,-50.0,-88.0,-93.0,3
181,-63.0,-59.0,-53.0,-70.0,-46.0,-86.0,-88.0,3
182,-57.0,-56.0,-53.0,-62.0,-48.0,-87.0,-88.0,3
183,-56.0,-60.0,-55.0,-55.0,-53.0,-88.0,-85.0,3
184,-35.0,-53.0,-57.0,-46.0,-64.0,-65.0,-70.0,1
185,-13.0,-63.0,-65.0,-16.0,-74.0,-73.0,-74.0,1
186,-59.0,-52.0,-56.0,-59.0,-51.0,-89.0,-87.0,3
187,-63.0,-56.0,-53.0,-60.0,-49.0,-88.0,-88.0,3
188,-49.0,-56.0,-60.0,-47.0,-72.0,-80.0,-79.0,1
189,-58.0,-56.0,-56.0,-64.0,-50.0,-82.0,-87.0,3
190,-66.0,-56.0,-56.0,-63.0,-50.0,-89.0,-91.0,3
191,-48.0,-54.0,-49.0,-59.0,-63.0,-78.0,-80.0,2
192,-37.0,-56.0,-58.0,-36.0,-80.0,-72.0,-70.0,1
193,-60.0,-54.0,-56.0,-64.0,-70.0,-78.0,-80.0,0
194,-59.0,-49.0,-53.0,-59.0,-62.0,-81.0,-83.0,0
195,-60.0,-55.0,-60.0,-59.0,-67.0,-81.0,-87.0,0
196,-62.0,-56.0,-56.0,-61.0,-68.0,-81.0,-86.0,0
197,-60.0,-55.0,-47.0,-59.0,-54.0,-91.0,-80.0,3
198,-66.0,-58.0,-61.0,-63.0,-73.0,-81.0,-85.0,0
199,-50.0,-54.0,-52.0,-49.0,-67.0,-79.0,-86.0,2
200,-14.0,-54.0,-57.0,-15.0,-69.0,-82.0,-71.0,1
201,-46.0,-51.0,-55.0,-42.0,-62.0,-79.0,-78.0,2
202,-37.0,-59.0,-55.0,-38.0,-65.0,-67.0,-68.0,1
203,-51.0,-52.0,-51.0,-51.0,-64.0,-79.0,-89.0,2
204,-47.0,-57.0,-57.0,-52.0,-69.0,-79.0,-77.0,2
205,-62.0,-60.0,-61.0,-66.0,-69.0,-80.0,-86.0,0
206,-62.0,-58.0,-52.0,-63.0,-50.0,-87.0,-88.0,3
207,-37.0,-53.0,-54.0,-37.0,-67.0,-79.0,-72.0,1
208,-65.0,-56.0,-60.0,-66.0,-74.0,-89.0,-90.0,0
209,-62.0,-57.0,-60.0,-61.0,-69.0,-93.0,-90.0,0
210,-51.0,-59.0,-51.0,-48.0,-67.0,-79.0,-79.0,2
211,-66.0,-57.0,-61.0,-61.0,-73.0,-81.0,-90.0,0
212,-40.0,-57.0,-57.0,-43.0,-68.0,-89.0,-72.0,1
213,-61.0,-56.0,-46.0,-60.0,-50.0,-84.0,-86.0,3
214,-47.0,-57.0,-56.0,-51.0,-64.0,-80.0,-86.0,2
215,-59.0,-53.0,-45.0,-60.0,-51.0,-87.0,-86.0,3
216,-58.0,-56.0,-52.0,-58.0,-48.0,-87.0,-85.0,3
217,-39.0,-55.0,-55.0,-47.0,-80.0,-66.0,-63.0,1
218,-65.0,-56.0,-49.0,-61.0,-44.0,-88.0,-91.0,3
219,-65.0,-56.0,-54.0,-63.0,-49.0,-92.0,-89.0,3
220,-62.0,-57.0,-61.0,-63.0,-65.0,-83.0,-82.0,0
221,-43.0,-60.0,-55.0,-46.0,-71.0,-76.0,-79.0,1
222,-63.0,-58.0,-47.0,-66.0,-48.0,-93.0,-92.0,3
223,-60.0,-57.0,-55.0,-66.0,-69.0,-82.0,-89.0,0
224,-64.0,-54.0,-58.0,-69.0,-65.0,-86.0,-86.0,0
225,-44.0,-50.0,-57.0,-45.0,-61.0,-72.0,-67.0,1
226,-56.0,-50.0,-56.0,-62.0,-61.0,-79.0,-85.0,0
227,-61.0,-59.0,-52.0,-55.0,-48.0,-91.0,-84.0,3
228,-42.0,-52.0,-54.0,-35.0,-65.0,-69.0,-73.0,1
229,-59.0,-57.0,-56.0,-65.0,-49.0,-92.0,-91.0,3
230,-49.0,-53.0,-50.0,-45.0,-64.0,-74.0,-85.0,2
231,-63.0,-52.0,-51.0,-56.0,-59.0,-89.0,-84.0,2
232,-39.0,-54.0,-55.0,-37.0,-71.0,-64.0,-67.0,1
233,-40.0,-59.0,-57.0,-39.0,-67.0,-81.0,-74.0,1
234,-58.0,-56.0,-48.0,-65.0,-49.0,-87.0,-81.0,3
235,-46.0,-56.0,-54.0,-49.0,-63.0,-81.0,-82.0,2
236,-51.0,-52.0,-51.0,-55.0,-66.0,-78.0,-89.0,2
237,-40.0,-59.0,-59.0,-39.0,-73.0,-71.0,-72.0,1
238,-51.0,-52.0,-53.0,-55.0,-64.0,-78.0,-91.0,2
239,-57.0,-57.0,-50.0,-59.0,-54.0,-85.0,-81.0,3
240,-58.0,-59.0,-56.0,-60.0,-50.0,-86.0,-83.0,3
241,-46.0,-58.0,-54.0,-48.0,-63.0,-78.0,-75.0,2
242,-48.0,-56.0,-55.0,-46.0,-65.0,-86.0,-79.0,1
243,-51.0,-52.0,-48.0,-48.0,-62.0,-85.0,-78.0,2
244,-46.0,-51.0,-50.0,-48.0,-64.0,-82.0,-78.0,2
245,-47.0,-57.0,-49.0,-46.0,-63.0,-84.0,-86.0,2
246,-67.0,-60.0,-66.0,-65.0,-75.0,-86.0,-87.0,0
247,-57.0,-55.0,-57.0,-59.0,-48.0,-85.0,-84.0,3
248,-48.0,-53.0,-60.0,-36.0,-58.0,-73.0,-77.0,1
249,-56.0,-55.0,-50.0,-59.0,-62.0,-84.0,-86.0,3
250,-49.0,-54.0,-52.0,-56.0,-60.0,-85.0,-73.0,2
251,-18.0,-62.0,-56.0,-15.0,-71.0,-70.0,-79.0,1
252,-62.0,-53.0,-55.0,-60.0,-68.0,-76.0,-79.0,0
253,-59.0,-56.0,-61.0,-66.0,-71.0,-83.0,-82.0,0
254,-48.0,-54.0,-56.0,-49.0,-66.0,-81.0,-80.0,2
255,-59.0,-54.0,-59.0,-59.0,-67.0,-86.0,-80.0,0
256,-36.0,-60.0,-57.0,-37.0,-68.0,-66.0,-77.0,1
257,-40.0,-54.0,-52.0,-35.0,-68.0,-71.0,-76.0,1
258,-52.0,-58.0,-50.0,-53.0,-64.0,-87.0,-81.0,2
259,-70.0,-62.0,-68.0,-65.0,-81.0,-89.0,-83.0,0
260,-64.0,-59.0,-65.0,-64.0,-74.0,-88.0,-90.0,0
261,-67.0,-61.0,-62.0,-67.0,-77.0,-83.0,-91.0,0
262,-60.0,-58.0,-60.0,-61.0,-73.0,-84.0,-88.0,0
263,-67.0,-55.0,-56.0,-64.0,-50.0,-88.0,-87.0,3
264,-62.0,-55.0,-54.0,-62.0,-69.0,-79.0,-81.0,0
265,-57.0,-60.0,-47.0,-59.0,-50.0,-79.0,-88.0,3
266,-43.0,-55.0,-55.0,-44.0,-68.0,-76.0,-79.0,1
267,-60.0,-56.0,-62.0,-61.0,-69.0,-82.0,-81.0,0
268,-64.0,-54.0,-56.0,-66.0,-52.0,-88.0,-85.0,3
269,-44.0,-57.0,-62.0,-41.0,-75.0,-65.0,-68.0,1
270,-59.0,-54.0,-51.0,-59.0,-58.0,-80.0,-87.0,3
271,-58.0,-51.0,-56.0,-59.0,-54.0,-87.0,-87.0,3
272,-57.0,-56.0,-58.0,-58.0,-66.0,-85.0,-80.0,0
273,-52.0,-56.0,-53.0,-50.0,-62.0,-84.0,-81.0,2
274,-37.0,-50.0,-50.0,-36.0,-58.0,-69.0,-75.0,1
275,-56.0,-58.0,-48.0,-60.0,-51.0,-85.0,-85.0,3
276,-51.0,-62.0,-59.0,-50.0,-66.0,-85.0,-77.0,2
277,-43.0,-55.0,-53.0,-52.0,-60.0,-78.0,-86.0,2
278,-38.0,-58.0,-54.0,-38.0,-67.0,-72.0,-71.0,1
279,-40.0,-56.0,-58.0,-42.0,-67.0,-62.0,-71.0,1
280,-42.0,-57.0,-51.0,-41.0,-69.0,-77.0,-75.0,1
281,-63.0,-56.0,-63.0,-65.0,-72.0,-82.0,-89.0,0
282,-58.0,-58.0,-51.0,-57.0,-49.0,-86.0,-90.0,3
283,-58.0,-55.0,-58.0,-61.0,-64.0,-81.0,-84.0,0
284,-58.0,-61.0,-56.0,-64.0,-49.0,-83.0,-87.0,3
285,-34.0,-48.0,-51.0,-37.0,-70.0,-78.0,-69.0,1
286,-17.0,-63.0,-65.0,-27.0,-86.0,-72.0,-74.0,1
287,-37.0,-57.0,-51.0,-39.0,-70.0,-76.0,-72.0,1
288,-49.0,-53.0,-53.0,-51.0,-64.0,-79.0,-80.0,2
289,-61.0,-61.0,-50.0,-64.0,-51.0,-84.0,-89.0,3
290,-49.0,-54.0,-52.0,-52.0,-63.0,-83.0,-85.0,2
291,-64.0,-57.0,-63.0,-59.0,-68.0,-82.0,-83.0,0
292,-44.0,-53.0,-55.0,-48.0,-66.0,-79.0,-86.0,2
293,-64.0,-59.0,-66.0,-63.0,-74.0,-87.0,-87.0,0
294,-56.0,-51.0,-43.0,-59.0,-47.0,-83.0,-89.0,3
295,-61.0,-51.0,-58.0,-62.0,-71.0,-80.0,-84.0,0
296,-61.0,-58.0,-64.0,-61.0,-64.0,-78.0,-82.0,0
297,-35.0,-57.0,-53.0,-34.0,-64.0,-76.0,-76.0,1
298,-73.0,-62.0,-66.0,-65.0,-81.0,-87.0,-89.0,0
299,-59.0,-57.0,-63.0,-66.0,-65.0,-82.0,-78.0,0
300,-60.0,-58.0,-55.0,-65.0,-50.0,-91.0,-86.0,3
301,-48.0,-52.0,-54.0,-47.0,-61.0,-80.0,-86.0,2
302,-60.0,-56.0,-56.0,-63.0,-65.0,-80.0,-83.0,0
303,-53.0,-56.0,-51.0,-50.0,-61.0,-83.0,-81.0,2
304,-71.0,-62.0,-65.0,-68.0,-83.0,-85.0,-86.0,0
305,-57.0,-56.0,-49.0,-58.0,-50.0,-87.0,-85.0,3
306,-37.0,-56.0,-55.0,-45.0,-64.0,-61.0,-69.0,1
307,-49.0,-52.0,-56.0,-48.0,-55.0,-81.0,-82.0,2
308,-63.0,-57.0,-53.0,-63.0,-48.0,-85.0,-92.0,3
309,-42.0,-57.0,-61.0,-43.0,-73.0,-67.0,-66.0,1
310,-44.0,-57.0,-64.0,-40.0,-75.0,-69.0,-64.0,1
311,-60.0,-56.0,-58.0,-65.0,-70.0,-80.0,-87.0,0
312,-51.0,-52.0,-51.0,-54.0,-61.0,-79.0,-76.0,2
313,-39.0,-53.0,-51.0,-43.0,-70.0,-72.0,-70.0,1
314,-62.0,-58.0,-59.0,-59.0,-67.0,-80.0,-77.0,0
315,-67.0,-56.0,-60.0,-66.0,-73.0,-93.0,-87.0,0
316,-51.0,-57.0,-52.0,-49.0,-60.0,-84.0,-83.0,2
317,-53.0,-56.0,-46.0,-51.0,-62.0,-80.0,-80.0,2
318,-46.0,-60.0,-56.0,-47.0,-66.0,-83.0,-85.0,2
319,-61.0,-56.0,-49.0,-60.0,-52.0,-91.0,-85.0,3
320,-62.0,-52.0,-57.0,-60.0,-70.0,-81.0,-74.0,0
321,-58.0,-53.0,-42.0,-61.0,-51.0,-87.0,-82.0,3
322,-36.0,-55.0,-59.0,-37.0,-63.0,-70.0,-73.0,1
323,-47.0,-52.0,-49.0,-43.0,-57.0,-80.0,-79.0,2
324,-45.0,-56.0,-55.0,-46.0,-68.0,-79.0,-78.0,2
325,-47.0,-53.0,-50.0,-52.0,-65.0,-80.0,-78.0,2
326,-56.0,-51.0,-62.0,-62.0,-71.0,-77.0,-82.0,0
327,-59.0,-59.0,-48.0,-66.0,-50.0,-86.0,-94.0,3
328,-51.0,-52.0,-52.0,-56.0,-68.0,-79.0,-87.0,2
329,-52.0,-57.0,-49.0,-50.0,-66.0,-80.0,-80.0,2
330,-45.0,-60.0,-59.0,-52.0,-57.0,-83.0,-85.0,2
331,-49.0,-52.0,-57.0,-54.0,-59.0,-85.0,-88.0,2
332,-60.0,-58.0,-57.0,-59.0,-66.0,-82.0,-83.0,0
333,-57.0,-57.0,-59.0,-61.0,-67.0,-80.0,-83.0,0
334,-21.0,-61.0,-62.0,-16.0,-76.0,-74.0,-74.0,1
335,-36.0,-55.0,-65.0,-34.0,-66.0,-70.0,-74.0,1
336,-36.0,-60.0,-53.0,-36.0,-63.0,-70.0,-77.0,1
337,-52.0,-57.0,-53.0,-49.0,-61.0,-88.0,-85.0,2
338,-37.0,-50.0,-56.0,-39.0,-67.0,-69.0,-70.0,1
339,-42.0,-58.0,-65.0,-46.0,-71.0,-77.0,-73.0,1
340,-46.0,-56.0,-54.0,-51.0,-62.0,-80.0,-79.0,2
341,-52.0,-60.0,-52.0,-54.0,-66.0,-85.0,-79.0,2
342,-52.0,-55.0,-52.0,-52.0,-62.0,-82.0,-84.0,2
343,-35.0,-56.0,-52.0,-36.0,-72.0,-69.0,-67.0,1
344,-43.0,-54.0,-56.0,-40.0,-67.0,-70.0,-71.0,1
345,-58.0,-54.0,-53.0,-60.0,-47.0,-82.0,-83.0,3
346,-37.0,-61.0,-54.0,-37.0,-66.0,-74.0,-75.0,1
347,-43.0,-59.0,-51.0,-53.0,-61.0,-83.0,-85.0,2
348,-52.0,-55.0,-55.0,-54.0,-65.0,-85.0,-78.0,2
349,-61.0,-56.0,-65.0,-59.0,-68.0,-86.0,-88.0,0
350,-63.0,-60.0,-69.0,-65.0,-71.0,-85.0,-86.0,0
351,-45.0,-56.0,-60.0,-46.0,-81.0,-79.0,-75.0,1
352,-57.0,-56.0,-48.0,-59.0,-47.0,-86.0,-89.0,3
353,-58.0,-52.0,-51.0,-59.0,-49.0,-82.0,-86.0,3
354,-43.0,-58.0,-50.0,-45.0,-71.0,-68.0,-74.0,1
355,-36.0,-57.0,-61.0,-38.0,-63.0,-79.0,-71.0,1
356,-50.0,-62.0,-57.0,-45.0,-62.0,-81.0,-78.0,2
357,-49.0,-58.0,-50.0,-56.0,-64.0,-81.0,-81.0,2
358,-60.0,-59.0,-58.0,-63.0,-72.0,-82.0,-79.0,0
359,-67.0,-59.0,-62.0,-66.0,-80.0,-96.0,-82.0,0
360,-63.0,-57.0,-55.0,-60.0,-50.0,-86.0,-92.0,3
361,-70.0,-64.0,-66.0,-73.0,-78.0,-87.0,-94.0,0
362,-61.0,-59.0,-65.0,-63.0,-74.0,-89.0,-87.0,0
363,-66.0,-59.0,-52.0,-63.0,-59.0,-88.0,-87.0,3
364,-59.0,-52.0,-44.0,-57.0,-49.0,-85.0,-87.0,3
365,-43.0,-55.0,-52.0,-42.0,-60.0,-74.0,-67.0,1
366,-58.0,-55.0,-58.0,-61.0,-67.0,-78.0,-80.0,0
367,-62.0,-56.0,-49.0,-58.0,-45.0,-85.0,-82.0,3
368,-60.0,-56.0,-57.0,-65.0,-49.0,-85.0,-89.0,3
369,-63.0,-57.0,-66.0,-63.0,-68.0,-82.0,-82.0,0
370,-61.0,-52.0,-43.0,-60.0,-47.0,-89.0,-85.0,3
371,-44.0,-63.0,-67.0,-46.0,-63.0,-81.0,-78.0,1
372,-61.0,-60.0,-57.0,-61.0,-74.0,-81.0,-82.0,0
373,-51.0,-55.0,-52.0,-49.0,-64.0,-86.0,-83.0,2
374,-41.0,-59.0,-65.0,-47.0,-75.0,-68.0,-66.0,1
375,-51.0,-54.0,-53.0,-52.0,-63.0,-81.0,-76.0,2
376,-60.0,-53.0,-60.0,-62.0,-73.0,-81.0,-82.0,0
377,-38.0,-54.0,-55.0,-36.0,-60.0,-71.0,-75.0,1
378,-38.0,-59.0,-52.0,-44.0,-69.0,-68.0,-76.0,1
379,-66.0,-58.0,-58.0,-68.0,-73.0,-85.0,-78.0,0
380,-46.0,-52.0,-51.0,-55.0,-60.0,-80.0,-76.0,2
381,-44.0,-52.0,-60.0,-37.0,-66.0,-67.0,-73.0,1
382,-56.0,-53.0,-42.0,-61.0,-55.0,-87.0,-82.0,3
383,-62.0,-56.0,-64.0,-69.0,-75.0,-81.0,-84.0,0
384,-38.0,-54.0,-50.0,-42.0,-60.0,-71.0,-67.0,1
385,-39.0,-52.0,-50.0,-39.0,-61.0,-75.0,-71.0,1
386,-42.0,-52.0,-56.0,-43.0,-64.0,-76.0,-74.0,1
387,-51.0,-53.0,-54.0,-53.0,-62.0,-83.0,-82.0,2
388,-61.0,-53.0,-48.0,-62.0,-52.0,-86.0,-85.0,3
389,-11.0,-63.0,-65.0,-18.0,-70.0,-72.0,-73.0,1
390,-43.0,-59.0,-63.0,-40.0,-74.0,-66.0,-64.0,1
391,-45.0,-63.0,-57.0,-55.0,-58.0,-79.0,-85.0,2
392,-13.0,-60.0,-63.0,-18.0,-70.0,-73.0,-73.0,1
393,-60.0,-54.0,-54.0,-60.0,-64.0,-88.0,-88.0,3
394,-40.0,-53.0,-56.0,-42.0,-69.0,-74.0,-78.0,1
395,-40.0,-55.0,-56.0,-41.0,-70.0,-74.0,-73.0,1
396,-49.0,-52.0,-48.0,-48.0,-59.0,-79.0,-78.0,2
397,-59.0,-57.0,-60.0,-60.0,-63.0,-81.0,-77.0,0
398,-60.0,-57.0,-55.0,-65.0,-51.0,-94.0,-86.0,3
399,-52.0,-56.0,-50.0,-52.0,-60.0,-80.0,-80.0,2
400,-61.0,-58.0,-56.0,-67.0,-50.0,-95.0,-88.0,3
401,-65.0,-57.0,-60.0,-64.0,-74.0,-81.0,-90.0,0
402,-58.0,-54.0,-58.0,-58.0,-67.0,-84.0,-88.0,0
403,-64.0,-59.0,-51.0,-67.0,-43.0,-88.0,-92.0,3
404,-60.0,-52.0,-48.0,-61.0,-48.0,-83.0,-84.0,3
405,-50.0,-51.0,-51.0,-49.0,-63.0,-79.0,-80.0,2
406,-62.0,-49.0,-56.0,-63.0,-67.0,-78.0,-80.0,0
407,-62.0,-56.0,-61.0,-65.0,-74.0,-78.0,-76.0,0
408,-27.0,-55.0,-57.0,-37.0,-67.0,-71.0,-71.0,1
409,-61.0,-57.0,-65.0,-59.0,-67.0,-86.0,-87.0,0
410,-62.0,-53.0,-48.0,-61.0,-50.0,-85.0,-86.0,3
411,-59.0,-49.0,-57.0,-58.0,-65.0,-76.0,-79.0,0
412,-52.0,-64.0,-54.0,-56.0,-70.0,-84.0,-78.0,2
413,-38.0,-53.0,-52.0,-40.0,-63.0,-73.0,-77.0,1
414,-58.0,-54.0,-58.0,-62.0,-75.0,-81.0,-81.0,0
415,-63.0,-51.0,-58.0,-63.0,-68.0,-81.0,-87.0,0
416,-42.0,-51.0,-54.0,-41.0,-67.0,-72.0,-77.0,1
417,-39.0,-54.0,-61.0,-43.0,-75.0,-64.0,-74.0,1
418,-42.0,-54.0,-50.0,-45.0,-63.0,-68.0,-64.0,1
419,-49.0,-52.0,-52.0,-53.0,-65.0,-77.0,-85.0,2
420,-65.0,-57.0,-45.0,-66.0,-47.0,-92.0,-92.0,3
421,-45.0,-58.0,-58.0,-40.0,-70.0,-86.0,-80.0,1
422,-61.0,-59.0,-63.0,-60.0,-69.0,-87.0,-88.0,0
423,-38.0,-58.0,-60.0,-42.0,-66.0,-82.0,-79.0,1
424,-65.0,-59.0,-66.0,-65.0,-68.0,-82.0,-85.0,0
425,-67.0,-52.0,-46.0,-66.0,-47.0,-89.0,-87.0,3
426,-59.0,-57.0,-62.0,-61.0,-68.0,-80.0,-83.0,0
427,-47.0,-57.0,-50.0,-45.0,-60.0,-82.0,-84.0,2
428,-62.0,-59.0,-59.0,-64.0,-65.0,-80.0,-81.0,0
429,-17.0,-66.0,-61.0,-37.0,-68.0,-75.0,-77.0,1
430,-51.0,-62.0,-53.0,-51.0,-64.0,-86.0,-79.0,2
431,-61.0,-56.0,-52.0,-58.0,-52.0,-82.0,-85.0,3
432,-62.0,-57.0,-60.0,-65.0,-72.0,-83.0,-87.0,0
433,-65.0,-60.0,-67.0,-66.0,-68.0,-84.0,-89.0,0
434,-68.0,-51.0,-59.0,-67.0,-65.0,-80.0,-87.0,0
435,-46.0,-58.0,-55.0,-49.0,-64.0,-78.0,-84.0,2
436,-57.0,-52.0,-44.0,-59.0,-51.0,-88.0,-85.0,3
437,-56.0,-55.0,-44.0,-60.0,-51.0,-84.0,-86.0,3
438,-37.0,-60.0,-52.0,-38.0,-65.0,-70.0,-70.0,1
439,-61.0,-60.0,-68.0,-62.0,-77.0,-90.0,-80.0,0
440,-58.0,-56.0,-61.0,-66.0,-75.0,-84.0,-78.0,0
441,-66.0,-57.0,-59.0,-64.0,-69.0,-82.0,-84.0,0
442,-50.0,-54.0,-51.0,-46.0,-63.0,-79.0,-84.0,2
443,-40.0,-55.0,-53.0,-36.0,-60.0,-77.0,-77.0,1
444,-40.0,-57.0,-47.0,-42.0,-64.0,-74.0,-71.0,1
445,-57.0,-54.0,-54.0,-59.0,-51.0,-88.0,-87.0,3
446,-43.0,-59.0,-54.0,-39.0,-63.0,-79.0,-87.0,1
447,-41.0,-57.0,-64.0,-42.0,-74.0,-69.0,-70.0,1
448,-60.0,-54.0,-53.0,-64.0,-47.0,-85.0,-86.0,3
449,-59.0,-52.0,-55.0,-59.0,-52.0,-88.0,-87.0,3
450,-52.0,-51.0,-49.0,-56.0,-65.0,-81.0,-83.0,2
451,-63.0,-57.0,-63.0,-64.0,-73.0,-86.0,-81.0,0
452,-35.0,-55.0,-52.0,-14.0,-71.0,-69.0,-82.0,1
453,-63.0,-59.0,-64.0,-66.0,-72.0,-84.0,-90.0,0
454,-52.0,-56.0,-51.0,-50.0,-65.0,-87.0,-82.0,2
455,-37.0,-59.0,-54.0,-39.0,-72.0,-75.0,-70.0,1
456,-40.0,-58.0,-52.0,-41.0,-66.0,-63.0,-75.0,1
457,-60.0,-49.0,-48.0,-62.0,-48.0,-85.0,-93.0,3
458,-39.0,-54.0,-55.0,-37.0,-64.0,-70.0,-70.0,1
459,-15.0,-55.0,-62.0,-25.0,-71.0,-67.0,-68.0,1
460,-40.0,-55.0,-57.0,-50.0,-66.0,-75.0,-73.0,1
461,-54.0,-56.0,-50.0,-50.0,-64.0,-87.0,-80.0,2
462,-61.0,-55.0,-45.0,-57.0,-53.0,-91.0,-82.0,3
463,-47.0,-58.0,-56.0,-44.0,-64.0,-80.0,-85.0,2
464,-49.0,-50.0,-55.0,-60.0,-61.0,-78.0,-81.0,2
465,-59.0,-54.0,-49.0,-58.0,-52.0,-83.0,-93.0,3
466,-58.0,-51.0,-56.0,-58.0,-50.0,-88.0,-88.0,3
467,-66.0,-56.0,-54.0,-69.0,-65.0,-82.0,-82.0,0
468,-15.0,-55.0,-57.0,-16.0,-71.0,-72.0,-74.0,1
469,-62.0,-50.0,-57.0,-59.0,-72.0,-82.0,-84.0,0
470,-54.0,-55.0,-50.0,-49.0,-60.0,-84.0,-81.0,2
471,-37.0,-53.0,-51.0,-37.0,-66.0,-71.0,-75.0,1
472,-49.0,-51.0,-53.0,-41.0,-64.0,-77.0,-79.0,2
473,-51.0,-54.0,-44.0,-52.0,-56.0,-79.0,-79.0,2
474,-36.0,-54.0,-54.0,-37.0,-66.0,-75.0,-71.0,1
475,-63.0,-58.0,-50.0,-57.0,-46.0,-91.0,-93.0,3
476,-57.0,-55.0,-45.0,-59.0,-50.0,-85.0,-85.0,3
477,-37.0,-53.0,-56.0,-35.0,-74.0,-76.0,-79.0,1
478,-53.0,-54.0,-54.0,-51.0,-61.0,-84.0,-77.0,2
479,-10.0,-57.0,-57.0,-36.0,-73.0,-82.0,-72.0,1
480,-60.0,-53.0,-59.0,-64.0,-65.0,-76.0,-81.0,0
481,-59.0,-51.0,-55.0,-59.0,-53.0,-88.0,-88.0,3
482,-58.0,-57.0,-49.0,-64.0,-49.0,-89.0,-81.0,3
483,-38.0,-62.0,-57.0,-41.0,-77.0,-65.0,-68.0,1
484,-37.0,-57.0,-55.0,-40.0,-75.0,-71.0,-64.0,1
485,-60.0,-54.0,-61.0,-65.0,-70.0,-82.0,-88.0,0
486,-50.0,-56.0,-54.0,-50.0,-71.0,-79.0,-77.0,2
487,-48.0,-54.0,-50.0,-49.0,-61.0,-81.0,-84.0,2
488,-61.0,-57.0,-51.0,-56.0,-46.0,-88.0,-85.0,3
489,-51.0,-51.0,-52.0,-57.0,-56.0,-81.0,-77.0,2
490,-66.0,-59.0,-70.0,-69.0,-76.0,-87.0,-89.0,0
491,-64.0,-56.0,-64.0,-71.0,-75.0,-87.0,-87.0,0
492,-55.0,-53.0,-51.0,-62.0,-56.0,-85.0,-87.0,3
493,-60.0,-54.0,-59.0,-65.0,-73.0,-83.0,-84.0,0
494,-42.0,-54.0,-51.0,-47.0,-64.0,-70.0,-65.0,1
495,-19.0,-62.0,-56.0,-13.0,-74.0,-72.0,-77.0,1
496,-67.0,-61.0,-63.0,-64.0,-71.0,-85.0,-84.0,0
497,-59.0,-54.0,-60.0,-65.0,-66.0,-80.0,-90.0,0
498,-35.0,-59.0,-57.0,-42.0,-66.0,-71.0,-70.0,1
499,-38.0,-60.0,-57.0,-39.0,-70.0,-70.0,-74.0,1
500,-62.0,-56.0,-61.0,-63.0,-65.0,-83.0,-89.0,0
501,-37.0,-54.0,-47.0,-36.0,-63.0,-70.0,-70.0,1
502,-40.0,-57.0,-58.0,-38.0,-64.0,-74.0,-79.0,1
503,-45.0,-56.0,-57.0,-47.0,-61.0,-76.0,-78.0,2
504,-62.0,-58.0,-52.0,-65.0,-49.0,-89.0,-84.0,3
505,-45.0,-58.0,-55.0,-46.0,-69.0,-75.0,-73.0,1
506,-61.0,-55.0,-59.0,-58.0,-66.0,-79.0,-78.0,0
507,-64.0,-54.0,-65.0,-63.0,-71.0,-85.0,-89.0,0
508,-63.0,-57.0,-59.0,-67.0,-71.0,-82.0,-93.0,0
509,-52.0,-60.0,-51.0,-46.0,-63.0,-84.0,-77.0,2
510,-48.0,-56.0,-49.0,-52.0,-60.0,-82.0,-73.0,2
511,-59.0,-50.0,-45.0,-63.0,-49.0,-84.0,-86.0,3
512,-40.0,-53.0,-53.0,-40.0,-64.0,-64.0,-73.0,1
513,-43.0,-56.0,-59.0,-37.0,-64.0,-74.0,-77.0,1
514,-42.0,-60.0,-56.0,-44.0,-74.0,-76.0,-80.0,1
515,-66.0,-52.0,-63.0,-63.0,-68.0,-80.0,-87.0,0
516,-63.0,-59.0,-61.0,-61.0,-66.0,-79.0,-80.0,0
517,-36.0,-60.0,-53.0,-35.0,-72.0,-71.0,-64.0,1
518,-49.0,-52.0,-58.0,-46.0,-57.0,-77.0,-77.0,2
519,-37.0,-61.0,-55.0,-40.0,-63.0,-70.0,-67.0,1
520,-38.0,-55.0,-56.0,-42.0,-66.0,-72.0,-75.0,1
521,-54.0,-57.0,-53.0,-54.0,-62.0,-77.0,-75.0,2
522,-43.0,-55.0,-54.0,-47.0,-67.0,-77.0,-79.0,1
523,-48.0,-63.0,-58.0,-44.0,-74.0,-79.0,-78.0,1
524,-59.0,-55.0,-61.0,-65.0,-68.0,-84.0,-84.0,0
525,-64.0,-56.0,-60.0,-61.0,-67.0,-78.0,-85.0,0
526,-52.0,-53.0,-56.0,-49.0,-62.0,-83.0,-80.0,2
527,-63.0,-58.0,-46.0,-66.0,-49.0,-93.0,-93.0,3
528,-61.0,-54.0,-45.0,-54.0,-43.0,-88.0,-80.0,3
529,-65.0,-59.0,-65.0,-67.0,-89.0,-85.0,-83.0,0
530,-42.0,-53.0,-62.0,-27.0,-63.0,-72.0,-79.0,1
531,-37.0,-60.0,-53.0,-39.0,-65.0,-70.0,-68.0,1
532,-57.0,-54.0,-56.0,-56.0,-68.0,-79.0,-82.0,0
533,-41.0,-56.0,-60.0,-39.0,-72.0,-74.0,-66.0,1
534,-45.0,-55.0,-54.0,-43.0,-71.0,-89.0,-77.0,1
535,-61.0,-55.0,-56.0,-66.0,-73.0,-79.0,-80.0,0
536,-47.0,-60.0,-59.0,-55.0,-70.0,-79.0,-85.0,2
537,-51.0,-58.0,-55.0,-54.0,-67.0,-86.0,-83.0,2
538,-59.0,-50.0,-45.0,-60.0,-48.0,-83.0,-85.0,3
539,-36.0,-59.0,-57.0,-35.0,-61.0,-65.0,-80.0,1
540,-48.0,-56.0,-54.0,-39.0,-67.0,-78.0,-82.0,1
541,-59.0,-52.0,-55.0,-60.0,-55.0,-87.0,-88.0,3
542,-45.0,-63.0,-60.0,-53.0,-67.0,-83.0,-85.0,2
543,-62.0,-52.0,-56.0,-63.0,-64.0,-78.0,-81.0,0
544,-14.0,-58.0,-60.0,-38.0,-74.0,-74.0,-73.0,1
545,-62.0,-60.0,-64.0,-74.0,-76.0,-81.0,-91.0,0
546,-41.0,-58.0,-53.0,-43.0,-61.0,-70.0,-70.0,1
547,-47.0,-58.0,-50.0,-55.0,-64.0,-76.0,-74.0,2
548,-67.0,-53.0,-46.0,-64.0,-48.0,-88.0,-87.0,3
549,-59.0,-51.0,-46.0,-58.0,-46.0,-90.0,-90.0,3
550,-52.0,-56.0,-52.0,-49.0,-63.0,-87.0,-85.0,2
551,-18.0,-57.0,-63.0,-34.0,-72.0,-65.0,-75.0,1
552,-61.0,-56.0,-55.0,-63.0,-52.0,-84.0,-87.0,3
553,-49.0,-51.0,-58.0,-45.0,-65.0,-83.0,-84.0,2
554,-40.0,-55.0,-47.0,-47.0,-64.0,-75.0,-79.0,1
555,-60.0,-55.0,-54.0,-58.0,-55.0,-86.0,-88.0,3
556,-60.0,-52.0,-51.0,-55.0,-48.0,-86.0,-90.0,3
557,-55.0,-51.0,-48.0,-68.0,-51.0,-82.0,-86.0,3
558,-68.0,-57.0,-66.0,-69.0,-76.0,-81.0,-82.0,0
559,-58.0,-53.0,-48.0,-58.0,-54.0,-88.0,-89.0,3
560,-59.0,-50.0,-55.0,-59.0,-54.0,-88.0,-87.0,3
561,-59.0,-52.0,-61.0,-57.0,-69.0,-83.0,-78.0,0
562,-55.0,-56.0,-47.0,-54.0,-49.0,-81.0,-79.0,3
563,-61.0,-55.0,-54.0,-69.0,-53.0,-84.0,-89.0,3
564,-52.0,-53.0,-54.0,-49.0,-63.0,-85.0,-79.0,2
565,-63.0,-55.0,-63.0,-68.0,-77.0,-87.0,-89.0,0
566,-63.0,-65.0,-60.0,-63.0,-77.0,-81.0,-87.0,0
567,-39.0,-51.0,-50.0,-43.0,-63.0,-71.0,-66.0,1
568,-46.0,-53.0,-47.0,-52.0,-57.0,-79.0,-85.0,2
569,-36.0,-55.0,-55.0,-36.0,-60.0,-73.0,-72.0,1
570,-38.0,-57.0,-50.0,-38.0,-60.0,-74.0,-69.0,1
571,-62.0,-50.0,-61.0,-64.0,-73.0,-80.0,-81.0,0
572,-40.0,-55.0,-56.0,-36.0,-64.0,-65.0,-66.0,1
573,-59.0,-51.0,-49.0,-63.0,-45.0,-86.0,-83.0,3
574,-38.0,-56.0,-52.0,-41.0,-76.0,-71.0,-66.0,1
575,-50.0,-51.0,-49.0,-48.0,-54.0,-77.0,-77.0,2
576,-36.0,-57.0,-58.0,-36.0,-62.0,-74.0,-73.0,1
577,-65.0,-62.0,-49.0,-67.0,-45.0,-88.0,-94.0,3
578,-52.0,-56.0,-51.0,-48.0,-64.0,-87.0,-84.0,2
579,-44.0,-59.0,-63.0,-42.0,-72.0,-79.0,-80.0,1
580,-59.0,-53.0,-64.0,-60.0,-68.0,-82.0,-81.0,0
581,-43.0,-55.0,-54.0,-42.0,-58.0,-71.0,-72.0,1
582,-49.0,-53.0,-51.0,-53.0,-67.0,-81.0,-83.0,2
583,-65.0,-61.0,-65.0,-67.0,-69.0,-87.0,-84.0,0
584,-49.0,-61.0,-56.0,-49.0,-64.0,-84.0,-89.0,2
585,-72.0,-59.0,-65.0,-75.0,-81.0,-84.0,-91.0,0
586,-46.0,-54.0,-53.0,-48.0,-71.0,-78.0,-73.0,1
587,-45.0,-58.0,-59.0,-42.0,-66.0,-81.0,-75.0,1
588,-39.0,-55.0,-54.0,-48.0,-76.0,-73.0,-80.0,1
589,-38.0,-56.0,-53.0,-47.0,-61.0,-72.0,-83.0,1
590,-51.0,-53.0,-49.0,-51.0,-65.0,-77.0,-89.0,2
591,-63.0,-52.0,-56.0,-59.0,-66.0,-80.0,-80.0,0
592,-36.0,-56.0,-62.0,-36.0,-80.0,-71.0,-69.0,1
593,-47.0,-57.0,-57.0,-52.0,-62.0,-86.0,-84.0,2
594,-61.0,-56.0,-62.0,-67.0,-66.0,-81.0,-88.0,0
595,-51.0,-58.0,-52.0,-48.0,-68.0,-86.0,-84.0,2
596,-47.0,-54.0,-51.0,-47.0,-66.0,-88.0,-80.0,2
597,-46.0,-55.0,-48.0,-52.0,-62.0,-80.0,-79.0,2
598,-39.0,-54.0,-56.0,-40.0,-70.0,-77.0,-78.0,1
599,-39.0,-57.0,-54.0,-38.0,-56.0,-70.0,-72.0,1
600,-64.0,-57.0,-63.0,-71.0,-77.0,-87.0,-83.0,0
601,-52.0,-57.0,-50.0,-51.0,-65.0,-79.0,-79.0,2
602,-57.0,-50.0,-51.0,-59.0,-51.0,-83.0,-84.0,3
603,-59.0,-57.0,-60.0,-58.0,-67.0,-80.0,-79.0,0
604,-61.0,-52.0,-48.0,-61.0,-45.0,-90.0,-88.0,3
605,-52.0,-51.0,-47.0,-49.0,-64.0,-80.0,-78.0,2
606,-51.0,-53.0,-55.0,-50.0,-67.0,-76.0,-88.0,2
607,-38.0,-54.0,-53.0,-42.0,-69.0,-72.0,-66.0,1
608,-40.0,-56.0,-57.0,-35.0,-84.0,-70.0,-66.0,1
609,-55.0,-58.0,-55.0,-54.0,-70.0,-81.0,-87.0,2
610,-39.0,-56.0,-55.0,-41.0,-62.0,-69.0,-75.0,1
611,-62.0,-53.0,-57.0,-60.0,-69.0,-87.0,-86.0,0
612,-45.0,-55.0,-54.0,-47.0,-63.0,-78.0,-80.0,2
613,-52.0,-61.0,-51.0,-52.0,-66.0,-80.0,-89.0,2
614,-52.0,-54.0,-55.0,-55.0,-60.0,-74.0,-78.0,2
615,-66.0,-56.0,-56.0,-66.0,-49.0,-89.0,-87.0,3
616,-48.0,-66.0,-57.0,-51.0,-70.0,-81.0,-80.0,2
617,-67.0,-65.0,-67.0,-68.0,-75.0,-87.0,-84.0,0
618,-63.0,-56.0,-51.0,-57.0,-45.0,-88.0,-88.0,3
619,-51.0,-62.0,-59.0,-52.0,-68.0,-85.0,-78.0,2
620,-60.0,-58.0,-57.0,-68.0,-50.0,-96.0,-87.0,3
621,-48.0,-47.0,-50.0,-53.0,-61.0,-82.0,-79.0,2
622,-52.0,-56.0,-50.0,-54.0,-59.0,-79.0,-80.0,2
623,-40.0,-59.0,-57.0,-43.0,-74.0,-65.0,-66.0,1
624,-35.0,-59.0,-57.0,-27.0,-61.0,-71.0,-76.0,1
625,-57.0,-56.0,-47.0,-58.0,-44.0,-88.0,-82.0,3
626,-58.0,-50.0,-59.0,-58.0,-68.0,-80.0,-81.0,0
627,-62.0,-51.0,-58.0,-61.0,-63.0,-77.0,-80.0,0
628,-14.0,-59.0,-64.0,-16.0,-79.0,-76.0,-72.0,1
629,-50.0,-53.0,-53.0,-54.0,-67.0,-78.0,-86.0,2
630,-12.0,-55.0,-57.0,-16.0,-70.0,-76.0,-75.0,1
631,-45.0,-59.0,-57.0,-51.0,-62.0,-77.0,-85.0,2
632,-36.0,-55.0,-54.0,-36.0,-67.0,-65.0,-73.0,1
633,-65.0,-52.0,-48.0,-63.0,-48.0,-91.0,-88.0,3
634,-43.0,-53.0,-53.0,-38.0,-63.0,-76.0,-73.0,1
635,-49.0,-52.0,-48.0,-44.0,-59.0,-80.0,-78.0,2
636,-48.0,-57.0,-49.0,-53.0,-62.0,-79.0,-87.0,2
637,-47.0,-54.0,-55.0,-47.0,-66.0,-78.0,-86.0,2
638,-36.0,-55.0,-58.0,-37.0,-76.0,-72.0,-69.0,1
639,-41.0,-54.0,-59.0,-41.0,-60.0,-76.0,-74.0,1
640,-18.0,-62.0,-59.0,-14.0,-73.0,-71.0,-78.0,1
641,-10.0,-58.0,-54.0,-18.0,-70.0,-72.0,-73.0,1
642,-49.0,-53.0,-55.0,-46.0,-59.0,-81.0,-93.0,2
643,-19.0,-60.0,-54.0,-35.0,-69.0,-69.0,-78.0,1
644,-41.0,-58.0,-56.0,-40.0,-73.0,-69.0,-73.0,1
645,-64.0,-60.0,-63.0,-63.0,-72.0,-86.0,-84.0,0
646,-61.0,-57.0,-50.0,-59.0,-46.0,-91.0,-89.0,3
647,-36.0,-53.0,-57.0,-40.0,-66.0,-70.0,-69.0,1
648,-49.0,-56.0,-45.0,-42.0,-66.0,-83.0,-80.0,2
649,-49.0,-54.0,-53.0,-55.0,-67.0,-77.0,-86.0,2
650,-59.0,-52.0,-49.0,-55.0,-56.0,-83.0,-81.0,3
651,-61.0,-56.0,-57.0,-56.0,-75.0,-74.0,-81.0,0
652,-62.0,-52.0,-61.0,-66.0,-65.0,-85.0,-89.0,0
653,-55.0,-56.0,-58.0,-53.0,-70.0,-81.0,-88.0,2
654,-61.0,-58.0,-60.0,-64.0,-73.0,-81.0,-82.0,0
655,-36.0,-57.0,-56.0,-37.0,-69.0,-77.0,-72.0,1
656,-36.0,-56.0,-53.0,-43.0,-63.0,-65.0,-70.0,1
657,-56.0,-56.0,-40.0,-62.0,-50.0,-86.0,-86.0,3
658,-51.0,-57.0,-54.0,-55.0,-62.0,-87.0,-81.0,2
659,-62.0,-57.0,-48.0,-63.0,-47.0,-88.0,-84.0,3
660,-56.0,-55.0,-44.0,-61.0,-51.0,-84.0,-87.0,3
661,-52.0,-54.0,-53.0,-51.0,-61.0,-83.0,-81.0,2
662,-38.0,-50.0,-71.0,-39.0,-68.0,-78.0,-74.0,1
663,-65.0,-58.0,-70.0,-66.0,-71.0,-85.0,-83.0,0
664,-65.0,-56.0,-63.0,-71.0,-77.0,-89.0,-85.0,0
665,-53.0,-52.0,-48.0,-50.0,-62.0,-81.0,-80.0,2
666,-46.0,-60.0,-54.0,-48.0,-63.0,-80.0,-83.0,2
667,-35.0,-57.0,-59.0,-36.0,-63.0,-74.0,-75.0,1
668,-50.0,-56.0,-51.0,-49.0,-67.0,-84.0,-81.0,2
669,-40.0,-55.0,-66.0,-39.0,-75.0,-73.0,-78.0,1
670,-58.0,-55.0,-51.0,-66.0,-54.0,-86.0,-85.0,3
671,-59.0,-53.0,-57.0,-62.0,-55.0,-88.0,-85.0,3
672,-64.0,-57.0,-47.0,-58.0,-46.0,-89.0,-86.0,3
673,-60.0,-52.0,-46.0,-56.0,-48.0,-84.0,-86.0,3
674,-41.0,-58.0,-48.0,-40.0,-62.0,-72.0,-76.0,1
675,-49.0,-53.0,-51.0,-42.0,-63.0,-79.0,-88.0,2
676,-37.0,-59.0,-57.0,-38.0,-69.0,-68.0,-73.0,1
677,-62.0,-54.0,-62.0,-68.0,-80.0,-80.0,-78.0,0
678,-38.0,-55.0,-56.0,-36.0,-64.0,-70.0,-66.0,1
679,-54.0,-61.0,-51.0,-44.0,-63.0,-79.0,-76.0,2
680,-58.0,-51.0,-51.0,-56.0,-54.0,-85.0,-83.0,3
681,-57.0,-56.0,-48.0,-60.0,-49.0,-84.0,-88.0,3
682,-58.0,-53.0,-52.0,-62.0,-51.0,-85.0,-83.0,3
683,-62.0,-56.0,-59.0,-68.0,-74.0,-95.0,-84.0,0
684,-58.0,-54.0,-49.0,-60.0,-55.0,-91.0,-93.0,3
685,-39.0,-56.0,-58.0,-37.0,-64.0,-76.0,-72.0,1
686,-63.0,-61.0,-61.0,-63.0,-68.0,-82.0,-83.0,0
687,-57.0,-57.0,-48.0,-59.0,-49.0,-88.0,-88.0,3
688,-17.0,-56.0,-54.0,-36.0,-66.0,-73.0,-77.0,1
689,-55.0,-50.0,-51.0,-61.0,-48.0,-82.0,-79.0,3
690,-43.0,-55.0,-55.0,-39.0,-69.0,-67.0,-71.0,1
691,-49.0,-56.0,-47.0,-50.0,-58.0,-77.0,-84.0,2
692,-59.0,-51.0,-64.0,-57.0,-69.0,-80.0,-80.0,0
693,-40.0,-58.0,-49.0,-41.0,-75.0,-71.0,-70.0,1
694,-52.0,-56.0,-56.0,-41.0,-63.0,-77.0,-80.0,2
695,-49.0,-54.0,-50.0,-55.0,-63.0,-85.0,-81.0,2
696,-64.0,-59.0,-45.0,-65.0,-51.0,-93.0,-92.0,3
697,-62.0,-53.0,-52.0,-59.0,-48.0,-87.0,-92.0,3
698,-68.0,-55.0,-63.0,-61.0,-74.0,-79.0,-85.0,0
699,-60.0,-52.0,-59.0,-65.0,-66.0,-82.0,-80.0,0
700,-46.0,-59.0,-54.0,-52.0,-67.0,-77.0,-83.0,1
701,-50.0,-58.0,-57.0,-42.0,-76.0,-74.0,-80.0,1
702,-63.0,-56.0,-61.0,-61.0,-68.0,-83.0,-87.0,0
703,-57.0,-50.0,-47.0,-58.0,-46.0,-88.0,-88.0,3
704,-15.0,-58.0,-56.0,-15.0,-74.0,-76.0,-71.0,1
705,-59.0,-55.0,-54.0,-64.0,-44.0,-86.0,-86.0,3
706,-63.0,-58.0,-50.0,-63.0,-48.0,-91.0,-85.0,3
707,-64.0,-57.0,-53.0,-66.0,-48.0,-92.0,-87.0,3
708,-64.0,-58.0,-47.0,-61.0,-52.0,-85.0,-86.0,3
709,-51.0,-55.0,-59.0,-51.0,-58.0,-87.0,-81.0,2
710,-56.0,-51.0,-45.0,-54.0,-52.0,-79.0,-85.0,3
711,-52.0,-54.0,-53.0,-49.0,-63.0,-86.0,-81.0,2
712,-50.0,-57.0,-53.0,-49.0,-67.0,-83.0,-82.0,2
713,-18.0,-57.0,-63.0,-16.0,-72.0,-73.0,-66.0,1
714,-47.0,-58.0,-49.0,-45.0,-66.0,-85.0,-79.0,2
715,-36.0,-54.0,-56.0,-35.0,-61.0,-70.0,-79.0,1
716,-41.0,-55.0,-53.0,-37.0,-64.0,-79.0,-76.0,1
717,-52.0,-55.0,-52.0,-43.0,-61.0,-86.0,-83.0,2
718,-58.0,-59.0,-44.0,-57.0,-54.0,-82.0,-89.0,3
719,-48.0,-55.0,-55.0,-52.0,-65.0,-80.0,-82.0,2
720,-46.0,-58.0,-59.0,-40.0,-71.0,-78.0,-76.0,1
721,-60.0,-50.0,-51.0,-62.0,-49.0,-87.0,-84.0,3
722,-59.0,-55.0,-63.0,-67.0,-66.0,-82.0,-86.0,0
723,-50.0,-57.0,-54.0,-44.0,-67.0,-85.0,-85.0,2
724,-64.0,-59.0,-62.0,-63.0,-69.0,-84.0,-81.0,0
725,-63.0,-54.0,-55.0,-64.0,-72.0,-84.0,-81.0,0
726,-61.0,-54.0,-45.0,-66.0,-45.0,-88.0,-87.0,3
727,-52.0,-56.0,-51.0,-46.0,-63.0,-86.0,-82.0,2
728,-35.0,-58.0,-55.0,-38.0,-61.0,-74.0,-79.0,1
729,-49.0,-57.0,-51.0,-44.0,-57.0,-85.0,-79.0,2
730,-61.0,-52.0,-60.0,-61.0,-68.0,-80.0,-84.0,0
731,-39.0,-62.0,-58.0,-37.0,-69.0,-73.0,-72.0,1
732,-61.0,-54.0,-52.0,-65.0,-49.0,-85.0,-91.0,3
733,-60.0,-51.0,-53.0,-63.0,-42.0,-87.0,-82.0,3
734,-44.0,-56.0,-54.0,-52.0,-63.0,-80.0,-79.0,2
735,-47.0,-56.0,-54.0,-51.0,-63.0,-81.0,-86.0,2
736,-17.0,-63.0,-60.0,-14.0,-72.0,-72.0,-77.0,1
737,-62.0,-63.0,-52.0,-70.0,-48.0,-87.0,-87.0,3
738,-38.0,-58.0,-59.0,-41.0,-65.0,-68.0,-74.0,1
739,-42.0,-61.0,-63.0,-44.0,-74.0,-76.0,-75.0,1
740,-66.0,-55.0,-63.0,-65.0,-68.0,-85.0,-90.0,0
741,-38.0,-51.0,-53.0,-37.0,-67.0,-67.0,-68.0,1
742,-49.0,-54.0,-55.0,-49.0,-63.0,-81.0,-87.0,2
743,-57.0,-55.0,-58.0,-64.0,-65.0,-87.0,-79.0,0
744,-38.0,-59.0,-61.0,-36.0,-68.0,-69.0,-73.0,1
745,-58.0,-52.0,-58.0,-60.0,-52.0,-86.0,-89.0,3
746,-52.0,-52.0,-50.0,-49.0,-66.0,-77.0,-88.0,2
747,-57.0,-60.0,-49.0,-61.0,-54.0,-85.0,-88.0,3
748,-58.0,-55.0,-55.0,-54.0,-49.0,-78.0,-79.0,3
749,-60.0,-59.0,-61.0,-62.0,-68.0,-81.0,-85.0,0
750,-65.0,-59.0,-61.0,-67.0,-70.0,-80.0,-83.0,0
751,-48.0,-51.0,-53.0,-48.0,-64.0,-81.0,-79.0,2
752,-16.0,-70.0,-58.0,-14.0,-73.0,-71.0,-80.0,1
753,-47.0,-53.0,-49.0,-49.0,-66.0,-76.0,-80.0,2
754,-59.0,-53.0,-57.0,-60.0,-51.0,-89.0,-95.0,3
755,-58.0,-52.0,-50.0,-55.0,-48.0,-87.0,-90.0,3
756,-58.0,-54.0,-44.0,-59.0,-47.0,-83.0,-86.0,3
757,-64.0,-66.0,-58.0,-70.0,-50.0,-89.0,-93.0,3
758,-44.0,-52.0,-51.0,-36.0,-78.0,-72.0,-77.0,1
759,-20.0,-56.0,-55.0,-37.0,-61.0,-79.0,-72.0,1
760,-49.0,-58.0,-55.0,-52.0,-60.0,-83.0,-84.0,2
761,-55.0,-49.0,-51.0,-56.0,-50.0,-84.0,-88.0,3
762,-48.0,-53.0,-54.0,-45.0,-61.0,-86.0,-83.0,2
763,-51.0,-52.0,-53.0,-51.0,-59.0,-86.0,-78.0,2
764,-43.0,-54.0,-55.0,-41.0,-68.0,-71.0,-74.0,1
765,-59.0,-50.0,-59.0,-59.0,-55.0,-85.0,-87.0,3
766,-70.0,-62.0,-62.0,-67.0,-69.0,-88.0,-86.0,0
767,-57.0,-51.0,-47.0,-61.0,-50.0,-90.0,-88.0,3
768,-50.0,-52.0,-52.0,-50.0,-67.0,-78.0,-89.0,2
769,-44.0,-53.0,-51.0,-49.0,-60.0,-84.0,-76.0,2
770,-64.0,-55.0,-54.0,-64.0,-68.0,-89.0,-81.0,0
771,-55.0,-56.0,-48.0,-60.0,-55.0,-84.0,-84.0,3
772,-51.0,-51.0,-51.0,-51.0,-65.0,-78.0,-88.0,2
773,-67.0,-56.0,-62.0,-70.0,-69.0,-86.0,-84.0,0
774,-56.0,-55.0,-44.0,-60.0,-49.0,-84.0,-80.0,3
775,-62.0,-57.0,-60.0,-64.0,-67.0,-80.0,-88.0,0
776,-51.0,-48.0,-56.0,-53.0,-61.0,-80.0,-79.0,2
777,-60.0,-53.0,-60.0,-61.0,-69.0,-81.0,-83.0,0
778,-64.0,-59.0,-53.0,-63.0,-52.0,-87.0,-83.0,3
779,-60.0,-60.0,-51.0,-64.0,-53.0,-87.0,-87.0,3
780,-62.0,-57.0,-54.0,-66.0,-71.0,-81.0,-83.0,0
781,-64.0,-59.0,-46.0,-65.0,-48.0,-91.0,-91.0,3
782,-59.0,-59.0,-58.0,-62.0,-64.0,-78.0,-81.0,0
783,-66.0,-59.0,-45.0,-67.0,-52.0,-93.0,-92.0,3
784,-62.0,-51.0,-61.0,-71.0,-67.0,-79.0,-80.0,0
785,-49.0,-49.0,-53.0,-45.0,-58.0,-87.0,-89.0,2
786,-39.0,-53.0,-56.0,-48.0,-66.0,-69.0,-72.0,1
787,-57.0,-59.0,-58.0,-66.0,-67.0,-78.0,-82.0,0
788,-62.0,-51.0,-54.0,-59.0,-64.0,-77.0,-81.0,0
789,-59.0,-52.0,-57.0,-60.0,-54.0,-91.0,-89.0,3
790,-58.0,-51.0,-59.0,-65.0,-74.0,-86.0,-82.0,0
791,-62.0,-53.0,-55.0,-65.0,-49.0,-87.0,-87.0,3
792,-41.0,-55.0,-54.0,-40.0,-62.0,-71.0,-72.0,1
793,-60.0,-57.0,-58.0,-66.0,-65.0,-77.0,-80.0,0
794,-59.0,-51.0,-58.0,-57.0,-64.0,-76.0,-85.0,0
795,-58.0,-50.0,-54.0,-60.0,-53.0,-86.0,-89.0,3
796,-59.0,-56.0,-50.0,-60.0,-52.0,-81.0,-85.0,3
797,-67.0,-57.0,-67.0,-68.0,-75.0,-85.0,-80.0,0
798,-41.0,-59.0,-54.0,-41.0,-58.0,-80.0,-80.0,1
799,-40.0,-63.0,-67.0,-40.0,-75.0,-70.0,-70.0,1
800,-59.0,-60.0,-60.0,-62.0,-67.0,-94.0,-77.0,0
801,-62.0,-54.0,-60.0,-61.0,-70.0,-79.0,-81.0,0
802,-58.0,-55.0,-51.0,-61.0,-44.0,-88.0,-86.0,3
803,-62.0,-59.0,-62.0,-63.0,-65.0,-87.0,-87.0,0
804,-66.0,-59.0,-65.0,-68.0,-75.0,-88.0,-84.0,0
805,-38.0,-57.0,-61.0,-38.0,-69.0,-73.0,-70.0,1
806,-52.0,-60.0,-59.0,-40.0,-60.0,-81.0,-81.0,2
807,-45.0,-59.0,-56.0,-54.0,-64.0,-84.0,-78.0,2
808,-47.0,-58.0,-55.0,-45.0,-62.0,-79.0,-85.0,1
809,-39.0,-52.0,-53.0,-36.0,-61.0,-67.0,-70.0,1
810,-59.0,-56.0,-58.0,-68.0,-62.0,-80.0,-81.0,0
811,-40.0,-54.0,-53.0,-36.0,-61.0,-77.0,-74.0,1
812,-37.0,-61.0,-61.0,-37.0,-71.0,-68.0,-73.0,1
813,-60.0,-50.0,-57.0,-60.0,-50.0,-89.0,-86.0,3
814,-45.0,-57.0,-59.0,-43.0,-71.0,-74.0,-79.0,1
815,-37.0,-56.0,-56.0,-35.0,-69.0,-73.0,-69.0,1
816,-68.0,-57.0,-67.0,-68.0,-75.0,-83.0,-83.0,0
817,-54.0,-57.0,-50.0,-61.0,-53.0,-83.0,-82.0,3
818,-62.0,-58.0,-57.0,-58.0,-69.0,-94.0,-77.0,0
819,-63.0,-54.0,-61.0,-66.0,-73.0,-84.0,-88.0,0
820,-60.0,-55.0,-58.0,-61.0,-72.0,-83.0,-82.0,0
821,-49.0,-56.0,-54.0,-55.0,-62.0,-78.0,-81.0,2
822,-61.0,-54.0,-50.0,-63.0,-42.0,-92.0,-93.0,3
823,-40.0,-53.0,-50.0,-40.0,-62.0,-69.0,-65.0,1
824,-61.0,-56.0,-64.0,-61.0,-72.0,-83.0,-86.0,0
825,-58.0,-52.0,-64.0,-64.0,-66.0,-88.0,-83.0,0
826,-46.0,-58.0,-53.0,-48.0,-60.0,-79.0,-79.0,2
827,-63.0,-57.0,-67.0,-66.0,-79.0,-86.0,-89.0,0
828,-59.0,-50.0,-57.0,-61.0,-51.0,-85.0,-86.0,3
829,-49.0,-56.0,-49.0,-52.0,-64.0,-83.0,-80.0,2
830,-41.0,-52.0,-57.0,-41.0,-63.0,-73.0,-68.0,1
831,-46.0,-57.0,-55.0,-44.0,-65.0,-86.0,-77.0,1
832,-46.0,-60.0,-54.0,-50.0,-62.0,-79.0,-74.0,2
833,-48.0,-47.0,-52.0,-56.0,-61.0,-77.0,-77.0,2
834,-39.0,-56.0,-53.0,-40.0,-69.0,-75.0,-72.0,1
835,-55.0,-57.0,-49.0,-52.0,-53.0,-82.0,-86.0,3
836,-49.0,-52.0,-46.0,-48.0,-60.0,-79.0,-80.0,2
837,-56.0,-52.0,-50.0,-57.0,-53.0,-87.0,-86.0,3
838,-48.0,-58.0,-54.0,-46.0,-66.0,-85.0,-88.0,2
839,-49.0,-62.0,-56.0,-50.0,-63.0,-83.0,-89.0,2
840,-59.0,-51.0,-56.0,-58.0,-50.0,-88.0,-86.0,3
841,-64.0,-57.0,-54.0,-69.0,-43.0,-88.0,-92.0,3
842,-42.0,-53.0,-50.0,-47.0,-66.0,-80.0,-69.0,1
843,-64.0,-59.0,-51.0,-62.0,-51.0,-88.0,-91.0,3
844,-49.0,-55.0,-49.0,-49.0,-60.0,-81.0,-81.0,2
845,-53.0,-56.0,-54.0,-53.0,-62.0,-88.0,-85.0,2
846,-59.0,-56.0,-41.0,-54.0,-46.0,-89.0,-88.0,3
847,-19.0,-53.0,-60.0,-37.0,-69.0,-72.0,-69.0,1
848,-37.0,-56.0,-56.0,-38.0,-68.0,-70.0,-66.0,1
849,-12.0,-60.0,-62.0,-14.0,-71.0,-77.0,-71.0,1
850,-42.0,-54.0,-52.0,-40.0,-61.0,-73.0,-71.0,1
851,-42.0,-56.0,-50.0,-43.0,-68.0,-76.0,-77.0,1
852,-48.0,-57.0,-60.0,-44.0,-71.0,-85.0,-77.0,1
853,-59.0,-58.0,-48.0,-65.0,-53.0,-83.0,-90.0,3
854,-36.0,-57.0,-60.0,-20.0,-71.0,-74.0,-74.0,1
855,-46.0,-57.0,-52.0,-43.0,-69.0,-86.0,-85.0,2
856,-50.0,-49.0,-52.0,-56.0,-69.0,-80.0,-81.0,2
857,-62.0,-58.0,-58.0,-63.0,-68.0,-82.0,-84.0,0
858,-58.0,-59.0,-56.0,-64.0,-68.0,-82.0,-87.0,0
859,-64.0,-54.0,-52.0,-58.0,-52.0,-89.0,-88.0,3
860,-47.0,-58.0,-51.0,-43.0,-65.0,-80.0,-80.0,2
861,-44.0,-58.0,-63.0,-39.0,-80.0,-71.0,-72.0,1
862,-60.0,-54.0,-50.0,-50.0,-60.0,-84.0,-85.0,2
863,-53.0,-57.0,-50.0,-47.0,-62.0,-86.0,-81.0,2
864,-48.0,-63.0,-55.0,-42.0,-71.0,-81.0,-79.0,1
865,-64.0,-59.0,-65.0,-70.0,-84.0,-90.0,-89.0,0
866,-60.0,-52.0,-49.0,-61.0,-51.0,-85.0,-81.0,3
867,-62.0,-51.0,-46.0,-61.0,-49.0,-87.0,-85.0,3
868,-17.0,-57.0,-55.0,-15.0,-62.0,-68.0,-70.0,1
869,-64.0,-56.0,-61.0,-73.0,-66.0,-88.0,-83.0,0
870,-48.0,-57.0,-56.0,-49.0,-64.0,-87.0,-76.0,1
871,-63.0,-53.0,-60.0,-68.0,-67.0,-87.0,-85.0,0
872,-57.0,-61.0,-45.0,-62.0,-48.0,-87.0,-88.0,3
873,-53.0,-53.0,-51.0,-50.0,-66.0,-82.0,-82.0,2
874,-43.0,-52.0,-55.0,-35.0,-61.0,-75.0,-76.0,1
875,-54.0,-53.0,-50.0,-58.0,-58.0,-84.0,-87.0,2
876,-59.0,-55.0,-55.0,-62.0,-47.0,-91.0,-84.0,3
877,-53.0,-47.0,-54.0,-53.0,-59.0,-83.0,-84.0,2
878,-38.0,-54.0,-53.0,-36.0,-66.0,-73.0,-75.0,1
879,-63.0,-56.0,-51.0,-64.0,-49.0,-88.0,-89.0,3
880,-65.0,-57.0,-55.0,-64.0,-50.0,-92.0,-85.0,3
881,-53.0,-59.0,-51.0,-41.0,-59.0,-78.0,-77.0,2
882,-59.0,-51.0,-57.0,-60.0,-49.0,-87.0,-88.0,3
883,-58.0,-54.0,-52.0,-61.0,-74.0,-75.0,-82.0,0
884,-39.0,-53.0,-51.0,-40.0,-64.0,-67.0,-64.0,1
885,-62.0,-54.0,-48.0,-62.0,-48.0,-86.0,-86.0,3
886,-61.0,-56.0,-60.0,-58.0,-67.0,-79.0,-82.0,0
887,-45.0,-54.0,-48.0,-49.0,-65.0,-78.0,-81.0,2
888,-61.0,-59.0,-56.0,-64.0,-50.0,-85.0,-87.0,3
889,-51.0,-52.0,-51.0,-47.0,-65.0,-76.0,-87.0,2
890,-49.0,-53.0,-50.0,-55.0,-59.0,-80.0,-87.0,2
891,-49.0,-59.0,-56.0,-50.0,-63.0,-80.0,-91.0,2
892,-51.0,-53.0,-57.0,-51.0,-60.0,-76.0,-79.0,2
893,-56.0,-55.0,-45.0,-59.0,-52.0,-84.0,-86.0,3
894,-50.0,-52.0,-51.0,-54.0,-67.0,-77.0,-88.0,2
895,-64.0,-57.0,-63.0,-59.0,-69.0,-82.0,-86.0,0
896,-12.0,-60.0,-68.0,-15.0,-74.0,-73.0,-70.0,1
897,-37.0,-60.0,-53.0,-37.0,-64.0,-68.0,-67.0,1
898,-48.0,-58.0,-58.0,-44.0,-71.0,-77.0,-79.0,1
899,-68.0,-56.0,-65.0,-67.0,-76.0,-87.0,-85.0,0
900,-63.0,-58.0,-65.0,-66.0,-78.0,-81.0,-88.0,0
901,-49.0,-55.0,-50.0,-53.0,-62.0,-76.0,-75.0,2
902,-58.0,-56.0,-51.0,-59.0,-65.0,-81.0,-84.0,0
903,-19.0,-59.0,-55.0,-37.0,-73.0,-72.0,-66.0,1
904,-53.0,-68.0,-50.0,-51.0,-77.0,-85.0,-87.0,2
905,-67.0,-56.0,-65.0,-68.0,-82.0,-96.0,-89.0,0
906,-74.0,-62.0,-66.0,-70.0,-76.0,-89.0,-87.0,0
907,-65.0,-60.0,-60.0,-62.0,-75.0,-83.0,-79.0,0
908,-61.0,-52.0,-49.0,-58.0,-51.0,-91.0,-84.0,3
909,-53.0,-53.0,-50.0,-55.0,-59.0,-86.0,-81.0,2
910,-58.0,-51.0,-49.0,-61.0,-48.0,-88.0,-85.0,3
911,-61.0,-57.0,-54.0,-67.0,-52.0,-89.0,-86.0,3
912,-37.0,-58.0,-55.0,-38.0,-60.0,-74.0,-76.0,1
913,-50.0,-55.0,-57.0,-48.0,-80.0,-81.0,-76.0,1
914,-37.0,-58.0,-56.0,-38.0,-63.0,-75.0,-74.0,1
915,-37.0,-59.0,-57.0,-36.0,-64.0,-66.0,-70.0,1
916,-64.0,-64.0,-58.0,-75.0,-68.0,-82.0,-80.0,0
917,-51.0,-52.0,-51.0,-50.0,-69.0,-77.0,-88.0,2
918,-49.0,-53.0,-50.0,-54.0,-62.0,-77.0,-82.0,2
919,-62.0,-59.0,-62.0,-60.0,-68.0,-80.0,-89.0,0
920,-49.0,-61.0,-55.0,-53.0,-72.0,-85.0,-92.0,2
921,-18.0,-53.0,-60.0,-17.0,-71.0,-74.0,-71.0,1
922,-59.0,-56.0,-62.0,-59.0,-67.0,-75.0,-78.0,0
923,-62.0,-54.0,-56.0,-64.0,-75.0,-88.0,-85.0,0
924,-68.0,-57.0,-54.0,-64.0,-51.0,-89.0,-87.0,3
925,-59.0,-59.0,-52.0,-60.0,-51.0,-87.0,-86.0,3
926,-60.0,-58.0,-56.0,-66.0,-51.0,-85.0,-89.0,3
927,-53.0,-54.0,-53.0,-60.0,-60.0,-86.0,-91.0,2
928,-60.0,-54.0,-59.0,-65.0,-66.0,-83.0,-84.0,0
929,-40.0,-55.0,-49.0,-40.0,-61.0,-69.0,-66.0,1
930,-72.0,-62.0,-63.0,-76.0,-81.0,-84.0,-91.0,0
931,-59.0,-56.0,-49.0,-58.0,-52.0,-88.0,-84.0,3
932,-59.0,-57.0,-48.0,-69.0,-52.0,-87.0,-87.0,3
933,-43.0,-55.0,-50.0,-39.0,-61.0,-69.0,-73.0,1
934,-38.0,-50.0,-49.0,-42.0,-69.0,-73.0,-77.0,1
935,-36.0,-55.0,-51.0,-37.0,-75.0,-71.0,-70.0,1
936,-49.0,-45.0,-50.0,-48.0,-61.0,-79.0,-84.0,2
937,-47.0,-60.0,-56.0,-48.0,-85.0,-85.0,-81.0,1
938,-16.0,-55.0,-56.0,-15.0,-64.0,-78.0,-76.0,1
939,-51.0,-62.0,-53.0,-51.0,-67.0,-79.0,-89.0,2
940,-54.0,-59.0,-52.0,-63.0,-62.0,-76.0,-81.0,2
941,-57.0,-58.0,-65.0,-62.0,-77.0,-80.0,-87.0,0
942,-40.0,-53.0,-51.0,-37.0,-78.0,-73.0,-77.0,1
943,-58.0,-58.0,-61.0,-59.0,-69.0,-81.0,-80.0,0
944,-47.0,-56.0,-53.0,-53.0,-66.0,-85.0,-85.0,2
945,-47.0,-55.0,-57.0,-50.0,-64.0,-80.0,-85.0,2
946,-57.0,-61.0,-53.0,-59.0,-52.0,-87.0,-89.0,3
947,-49.0,-58.0,-49.0,-51.0,-59.0,-89.0,-79.0,2
948,-50.0,-53.0,-52.0,-55.0,-68.0,-78.0,-86.0,2
949,-35.0,-58.0,-54.0,-36.0,-69.0,-69.0,-73.0,1
950,-63.0,-59.0,-58.0,-64.0,-74.0,-82.0,-90.0,0
951,-57.0,-54.0,-51.0,-60.0,-47.0,-84.0,-88.0,3
952,-59.0,-50.0,-57.0,-60.0,-49.0,-91.0,-86.0,3
953,-51.0,-54.0,-53.0,-55.0,-66.0,-77.0,-85.0,2
954,-34.0,-60.0,-52.0,-37.0,-71.0,-66.0,-75.0,1
955,-63.0,-59.0,-51.0,-72.0,-55.0,-96.0,-92.0,3
956,-47.0,-55.0,-55.0,-49.0,-67.0,-85.0,-80.0,2
957,-38.0,-60.0,-57.0,-38.0,-65.0,-79.0,-76.0,1
958,-59.0,-51.0,-57.0,-59.0,-52.0,-87.0,-86.0,3
959,-61.0,-52.0,-58.0,-59.0,-70.0,-76.0,-79.0,0
960,-56.0,-55.0,-43.0,-57.0,-52.0,-93.0,-85.0,3
961,-65.0,-58.0,-61.0,-71.0,-69.0,-87.0,-83.0,0
962,-59.0,-55.0,-56.0,-64.0,-69.0,-83.0,-84.0,0
963,-63.0,-63.0,-57.0,-68.0,-71.0,-79.0,-82.0,0
964,-52.0,-62.0,-55.0,-52.0,-67.0,-83.0,-75.0,2
965,-63.0,-58.0,-54.0,-69.0,-43.0,-91.0,-92.0,3
966,-59.0,-50.0,-55.0,-59.0,-53.0,-86.0,-87.0,3
967,-63.0,-57.0,-65.0,-71.0,-75.0,-82.0,-86.0,0
968,-65.0,-58.0,-61.0,-62.0,-71.0,-81.0,-86.0,0
969,-37.0,-52.0,-57.0,-36.0,-71.0,-66.0,-75.0,1
970,-57.0,-53.0,-56.0,-58.0,-68.0,-75.0,-80.0,0
971,-47.0,-57.0,-52.0,-44.0,-67.0,-78.0,-75.0,2
972,-36.0,-54.0,-54.0,-36.0,-62.0,-71.0,-70.0,1
973,-66.0,-57.0,-62.0,-61.0,-74.0,-81.0,-89.0,0
974,-63.0,-62.0,-49.0,-63.0,-45.0,-92.0,-86.0,3
975,-60.0,-57.0,-56.0,-64.0,-52.0,-84.0,-88.0,3
976,-65.0,-52.0,-46.0,-65.0,-49.0,-88.0,-87.0,3
977,-58.0,-54.0,-61.0,-59.0,-68.0,-78.0,-76.0,0
978,-52.0,-58.0,-51.0,-53.0,-60.0,-80.0,-80.0,2
979,-59.0,-57.0,-59.0,-64.0,-73.0,-79.0,-84.0,0
980,-51.0,-53.0,-52.0,-55.0,-67.0,-78.0,-88.0,2
981,-55.0,-53.0,-57.0,-67.0,-64.0,-80.0,-78.0,0
982,-52.0,-57.0,-51.0,-55.0,-65.0,-85.0,-85.0,2
983,-63.0,-59.0,-45.0,-65.0,-47.0,-89.0,-92.0,3
984,-63.0,-53.0,-47.0,-58.0,-46.0,-90.0,-81.0,3
985,-12.0,-56.0,-58.0,-16.0,-70.0,-75.0,-79.0,1
986,-58.0,-57.0,-46.0,-55.0,-50.0,-87.0,-85.0,3
987,-61.0,-61.0,-49.0,-58.0,-54.0,-94.0,-85.0,3
988,-38.0,-54.0,-51.0,-37.0,-66.0,-74.0,-76.0,1
989,-49.0,-49.0,-53.0,-48.0,-63.0,-84.0,-88.0,2
990,-51.0,-57.0,-59.0,-45.0,-77.0,-75.0,-81.0,1
991,-49.0,-55.0,-51.0,-49.0,-63.0,-81.0,-73.0,2
992,-37.0,-54.0,-54.0,-41.0,-64.0,-72.0,-78.0,1
993,-49.0,-50.0,-51.0,-50.0,-62.0,-75.0,-75.0,2
994,-63.0,-54.0,-52.0,-59.0,-44.0,-86.0,-92.0,3
995,-34.0,-53.0,-52.0,-19.0,-65.0,-75.0,-69.0,1
996,-42.0,-54.0,-56.0,-39.0,-63.0,-76.0,-78.0,1
997,-64.0,-51.0,-44.0,-61.0,-50.0,-88.0,-85.0,3
998,-42.0,-54.0,-58.0,-41.0,-63.0,-75.0,-78.0,1
999,-36.0,-61.0,-57.0,-27.0,-71.0,-73.0,-70.0,1
1000,-61.0,-57.0,-54.0,-65.0,-52.0,-89.0,-88.0,3
1001,-62.0,-56.0,-59.0,-58.0,-67.0,-78.0,-79.0,0
1002,-63.0,-58.0,-62.0,-65.0,-68.0,-81.0,-74.0,0
1003,-62.0,-52.0,-59.0,-62.0,-64.0,-80.0,-81.0,0
1004,-62.0,-58.0,-62.0,-65.0,-75.0,-90.0,-81.0,0
1005,-55.0,-60.0,-50.0,-55.0,-63.0,-88.0,-87.0,2
1006,-16.0,-59.0,-60.0,-35.0,-69.0,-81.0,-78.0,1
1007,-58.0,-56.0,-47.0,-62.0,-36.0,-85.0,-84.0,3
1008,-64.0,-57.0,-60.0,-70.0,-69.0,-86.0,-83.0,0
1009,-64.0,-57.0,-53.0,-61.0,-50.0,-86.0,-98.0,3
1010,-46.0,-46.0,-52.0,-52.0,-57.0,-77.0,-82.0,2
1011,-39.0,-56.0,-55.0,-39.0,-68.0,-74.0,-73.0,1
1012,-34.0,-54.0,-61.0,-34.0,-70.0,-72.0,-73.0,1
1013,-58.0,-59.0,-59.0,-65.0,-65.0,-82.0,-94.0,0
1014,-62.0,-58.0,-57.0,-65.0,-68.0,-83.0,-79.0,0
1015,-53.0,-62.0,-52.0,-53.0,-65.0,-79.0,-91.0,2
1016,-26.0,-57.0,-53.0,-37.0,-67.0,-72.0,-69.0,1
1017,-59.0,-56.0,-49.0,-57.0,-45.0,-88.0,-88.0,3
1018,-65.0,-54.0,-57.0,-66.0,-70.0,-82.0,-80.0,0
1019,-67.0,-56.0,-67.0,-70.0,-74.0,-81.0,-82.0,0
1020,-49.0,-55.0,-48.0,-49.0,-62.0,-79.0,-84.0,2
1021,-34.0,-55.0,-58.0,-15.0,-65.0,-73.0,-72.0,1
1022,-61.0,-58.0,-60.0,-61.0,-74.0,-78.0,-83.0,0
1023,-59.0,-54.0,-59.0,-64.0,-74.0,-80.0,-81.0,0
1024,-71.0,-62.0,-63.0,-69.0,-75.0,-85.0,-87.0,0
1025,-58.0,-51.0,-59.0,-63.0,-69.0,-81.0,-80.0,0
1026,-56.0,-53.0,-49.0,-60.0,-48.0,-82.0,-85.0,3
1027,-50.0,-55.0,-59.0,-41.0,-82.0,-75.0,-78.0,1
1028,-50.0,-52.0,-55.0,-49.0,-64.0,-80.0,-86.0,2
1029,-66.0,-55.0,-60.0,-69.0,-66.0,-85.0,-87.0,0
1030,-44.0,-54.0,-54.0,-45.0,-73.0,-71.0,-79.0,1
1031,-34.0,-54.0,-56.0,-42.0,-68.0,-76.0,-75.0,1
1032,-57.0,-59.0,-44.0,-60.0,-56.0,-87.0,-85.0,3
1033,-45.0,-57.0,-55.0,-48.0,-67.0,-77.0,-84.0,1
1034,-60.0,-57.0,-66.0,-64.0,-70.0,-84.0,-88.0,0
1035,-59.0,-57.0,-56.0,-61.0,-52.0,-86.0,-85.0,3
1036,-43.0,-53.0,-51.0,-42.0,-73.0,-71.0,-66.0,1
1037,-62.0,-57.0,-56.0,-63.0,-66.0,-84.0,-82.0,0
1038,-38.0,-54.0,-52.0,-36.0,-63.0,-65.0,-70.0,1
1039,-64.0,-66.0,-54.0,-67.0,-70.0,-83.0,-82.0,0
1040,-42.0,-54.0,-49.0,-41.0,-68.0,-71.0,-77.0,1
1041,-63.0,-55.0,-63.0,-62.0,-68.0,-89.0,-85.0,0
1042,-51.0,-52.0,-56.0,-52.0,-66.0,-80.0,-89.0,2
1043,-38.0,-53.0,-53.0,-43.0,-78.0,-69.0,-75.0,1
1044,-38.0,-55.0,-57.0,-41.0,-66.0,-73.0,-69.0,1
1045,-52.0,-55.0,-56.0,-51.0,-69.0,-85.0,-85.0,2
1046,-55.0,-53.0,-52.0,-56.0,-58.0,-85.0,-88.0,2
1047,-62.0,-58.0,-57.0,-62.0,-72.0,-81.0,-81.0,0
1048,-67.0,-57.0,-55.0,-65.0,-49.0,-88.0,-87.0,3
1049,-40.0,-58.0,-47.0,-41.0,-65.0,-73.0,-70.0,1
1050,-35.0,-58.0,-50.0,-35.0,-62.0,-72.0,-67.0,1
1051,-50.0,-49.0,-57.0,-49.0,-61.0,-82.0,-86.0,2
1052,-60.0,-61.0,-49.0,-60.0,-50.0,-89.0,-88.0,3
1053,-50.0,-59.0,-60.0,-51.0,-64.0,-86.0,-85.0,2
1054,-61.0,-55.0,-52.0,-61.0,-44.0,-88.0,-92.0,3
1055,-56.0,-47.0,-56.0,-61.0,-67.0,-78.0,-88.0,0
1056,-59.0,-55.0,-49.0,-60.0,-42.0,-92.0,-93.0,3
1057,-51.0,-56.0,-51.0,-58.0,-58.0,-80.0,-86.0,2
1058,-38.0,-55.0,-51.0,-41.0,-72.0,-70.0,-73.0,1
1059,-40.0,-50.0,-49.0,-51.0,-65.0,-75.0,-80.0,1
1060,-73.0,-63.0,-65.0,-70.0,-80.0,-89.0,-93.0,0
1061,-34.0,-53.0,-56.0,-18.0,-70.0,-76.0,-75.0,1
1062,-39.0,-48.0,-51.0,-38.0,-63.0,-69.0,-89.0,1
1063,-58.0,-51.0,-46.0,-58.0,-50.0,-79.0,-87.0,3
1064,-62.0,-56.0,-63.0,-66.0,-74.0,-82.0,-80.0,0
1065,-49.0,-52.0,-61.0,-52.0,-61.0,-82.0,-88.0,2
1066,-59.0,-57.0,-56.0,-65.0,-49.0,-91.0,-86.0,3
1067,-46.0,-54.0,-50.0,-54.0,-59.0,-81.0,-77.0,2
1068,-45.0,-53.0,-51.0,-36.0,-78.0,-72.0,-76.0,1
1069,-55.0,-48.0,-49.0,-62.0,-55.0,-86.0,-91.0,3
1070,-65.0,-58.0,-62.0,-67.0,-77.0,-86.0,-91.0,0
1071,-61.0,-59.0,-58.0,-62.0,-65.0,-78.0,-78.0,0
1072,-67.0,-56.0,-52.0,-64.0,-51.0,-89.0,-85.0,3
1073,-61.0,-63.0,-58.0,-66.0,-74.0,-87.0,-82.0,0
1074,-65.0,-56.0,-55.0,-65.0,-68.0,-85.0,-93.0,0
1075,-36.0,-52.0,-59.0,-38.0,-64.0,-72.0,-74.0,1
1076,-57.0,-52.0,-56.0,-62.0,-52.0,-92.0,-85.0,3
1077,-59.0,-54.0,-56.0,-65.0,-74.0,-79.0,-85.0,0
1078,-68.0,-58.0,-65.0,-67.0,-83.0,-89.0,-86.0,0
1079,-50.0,-54.0,-54.0,-54.0,-66.0,-77.0,-86.0,2
1080,-50.0,-57.0,-57.0,-50.0,-70.0,-77.0,-80.0,1
1081,-58.0,-55.0,-50.0,-60.0,-48.0,-87.0,-93.0,3
1082,-53.0,-54.0,-59.0,-54.0,-62.0,-81.0,-82.0,2
1083,-50.0,-53.0,-50.0,-55.0,-68.0,-78.0,-87.0,2
1084,-66.0,-56.0,-60.0,-63.0,-74.0,-87.0,-93.0,0
1085,-64.0,-57.0,-48.0,-60.0,-39.0,-88.0,-85.0,3
1086,-61.0,-57.0,-59.0,-62.0,-69.0,-78.0,-83.0,0
1087,-38.0,-51.0,-53.0,-38.0,-63.0,-72.0,-73.0,1
1088,-56.0,-58.0,-60.0,-59.0,-66.0,-80.0,-77.0,0
1089,-61.0,-52.0,-48.0,-57.0,-47.0,-85.0,-85.0,3
1090,-53.0,-55.0,-51.0,-49.0,-65.0,-86.0,-84.0,2
1091,-48.0,-57.0,-54.0,-50.0,-66.0,-83.0,-78.0,2
1092,-59.0,-56.0,-56.0,-65.0,-49.0,-92.0,-88.0,3
1093,-45.0,-51.0,-50.0,-51.0,-57.0,-80.0,-79.0,2
1094,-47.0,-54.0,-49.0,-52.0,-58.0,-79.0,-86.0,2
1095,-61.0,-55.0,-58.0,-67.0,-69.0,-84.0,-86.0,0
1096,-49.0,-51.0,-52.0,-44.0,-60.0,-77.0,-77.0,2
1097,-52.0,-56.0,-47.0,-53.0,-61.0,-78.0,-79.0,2
1098,-47.0,-51.0,-54.0,-50.0,-64.0,-75.0,-82.0,2
1099,-64.0,-55.0,-48.0,-61.0,-50.0,-83.0,-87.0,3
1100,-50.0,-57.0,-58.0,-44.0,-82.0,-75.0,-78.0,1
1101,-62.0,-55.0,-58.0,-62.0,-67.0,-81.0,-77.0,0
1102,-27.0,-60.0,-56.0,-18.0,-65.0,-68.0,-72.0,1
1103,-63.0,-58.0,-54.0,-67.0,-43.0,-88.0,-98.0,3
1104,-60.0,-53.0,-52.0,-64.0,-46.0,-85.0,-83.0,3
1105,-46.0,-54.0,-53.0,-48.0,-64.0,-78.0,-79.0,2
1106,-73.0,-61.0,-65.0,-65.0,-77.0,-89.0,-90.0,0
1107,-40.0,-55.0,-57.0,-37.0,-71.0,-79.0,-77.0,1
1108,-40.0,-52.0,-50.0,-41.0,-64.0,-69.0,-66.0,1
1109,-37.0,-58.0,-60.0,-37.0,-75.0,-65.0,-67.0,1
1110,-60.0,-53.0,-59.0,-59.0,-53.0,-86.0,-86.0,3
1111,-57.0,-56.0,-48.0,-66.0,-49.0,-84.0,-91.0,3
1112,-65.0,-57.0,-45.0,-69.0,-48.0,-91.0,-94.0,3
1113,-63.0,-48.0,-54.0,-65.0,-67.0,-82.0,-80.0,0
1114,-50.0,-56.0,-63.0,-45.0,-71.0,-76.0,-78.0,1
1115,-66.0,-57.0,-56.0,-64.0,-49.0,-89.0,-87.0,3
1116,-48.0,-58.0,-50.0,-53.0,-62.0,-81.0,-87.0,2
1117,-65.0,-53.0,-60.0,-62.0,-69.0,-85.0,-83.0,0
1118,-61.0,-54.0,-60.0,-62.0,-66.0,-79.0,-85.0,0
1119,-57.0,-49.0,-44.0,-60.0,-50.0,-84.0,-86.0,3
1120,-48.0,-54.0,-53.0,-51.0,-61.0,-77.0,-80.0,2
1121,-60.0,-57.0,-66.0,-60.0,-68.0,-87.0,-89.0,0
1122,-62.0,-55.0,-59.0,-63.0,-72.0,-76.0,-87.0,0
1123,-60.0,-52.0,-51.0,-59.0,-73.0,-79.0,-81.0,0
1124,-63.0,-57.0,-64.0,-69.0,-75.0,-85.0,-83.0,0
1125,-60.0,-56.0,-67.0,-62.0,-69.0,-82.0,-86.0,0
1126,-59.0,-50.0,-56.0,-59.0,-62.0,-78.0,-79.0,0
1127,-63.0,-59.0,-61.0,-62.0,-78.0,-90.0,-82.0,0
1128,-39.0,-57.0,-50.0,-35.0,-63.0,-70.0,-79.0,1
1129,-63.0,-56.0,-55.0,-60.0,-52.0,-86.0,-98.0,3
1130,-59.0,-55.0,-58.0,-61.0,-67.0,-77.0,-79.0,0
1131,-58.0,-55.0,-53.0,-59.0,-52.0,-81.0,-84.0,3
1132,-49.0,-55.0,-49.0,-49.0,-60.0,-80.0,-79.0,2
1133,-38.0,-53.0,-53.0,-38.0,-66.0,-70.0,-69.0,1
1134,-50.0,-56.0,-57.0,-49.0,-68.0,-92.0,-80.0,2
1135,-52.0,-54.0,-49.0,-52.0,-58.0,-81.0,-82.0,2
1136,-61.0,-52.0,-49.0,-68.0,-45.0,-85.0,-92.0,3
1137,-46.0,-49.0,-51.0,-45.0,-62.0,-79.0,-79.0,2
1138,-49.0,-56.0,-58.0,-42.0,-77.0,-76.0,-78.0,1
1139,-42.0,-56.0,-52.0,-36.0,-75.0,-68.0,-81.0,1
1140,-49.0,-50.0,-51.0,-44.0,-60.0,-83.0,-79.0,2
1141,-37.0,-56.0,-58.0,-45.0,-65.0,-67.0,-72.0,1
1142,-53.0,-59.0,-48.0,-57.0,-66.0,-80.0,-77.0,2
1143,-36.0,-50.0,-58.0,-41.0,-74.0,-74.0,-69.0,1
1144,-13.0,-54.0,-57.0,-21.0,-77.0,-72.0,-72.0,1
1145,-50.0,-58.0,-54.0,-51.0,-60.0,-80.0,-82.0,2
1146,-45.0,-58.0,-63.0,-45.0,-80.0,-76.0,-65.0,1
1147,-17.0,-53.0,-57.0,-17.0,-70.0,-77.0,-73.0,1
1148,-49.0,-64.0,-53.0,-52.0,-63.0,-73.0,-78.0,2
1149,-49.0,-50.0,-55.0,-49.0,-54.0,-85.0,-76.0,2
1150,-48.0,-55.0,-58.0,-50.0,-63.0,-81.0,-86.0,2
1151,-65.0,-61.0,-56.0,-67.0,-50.0,-89.0,-91.0,3
1152,-68.0,-55.0,-67.0,-70.0,-76.0,-82.0,-81.0,0
1153,-47.0,-53.0,-54.0,-49.0,-63.0,-88.0,-85.0,2
1154,-49.0,-54.0,-50.0,-52.0,-60.0,-85.0,-88.0,2
1155,-64.0,-55.0,-52.0,-74.0,-53.0,-89.0,-80.0,3
1156,-61.0,-57.0,-53.0,-65.0,-50.0,-87.0,-91.0,3
1157,-41.0,-58.0,-54.0,-42.0,-71.0,-65.0,-71.0,1
1158,-43.0,-47.0,-50.0,-45.0,-65.0,-66.0,-69.0,1
1159,-61.0,-55.0,-62.0,-62.0,-65.0,-82.0,-81.0,0
1160,-45.0,-53.0,-50.0,-49.0,-67.0,-75.0,-77.0,2
1161,-40.0,-52.0,-51.0,-45.0,-64.0,-70.0,-65.0,1
1162,-63.0,-54.0,-53.0,-65.0,-52.0,-92.0,-89.0,3
1163,-50.0,-52.0,-53.0,-53.0,-67.0,-86.0,-85.0,2
1164,-69.0,-59.0,-70.0,-67.0,-75.0,-82.0,-82.0,0
1165,-64.0,-58.0,-48.0,-63.0,-42.0,-85.0,-93.0,3
1166,-66.0,-69.0,-63.0,-69.0,-79.0,-88.0,-86.0,0
1167,-59.0,-54.0,-58.0,-59.0,-63.0,-81.0,-80.0,0
1168,-51.0,-58.0,-51.0,-51.0,-62.0,-79.0,-86.0,2
1169,-52.0,-50.0,-53.0,-54.0,-68.0,-76.0,-85.0,2
1170,-48.0,-57.0,-54.0,-47.0,-66.0,-79.0,-79.0,2
1171,-59.0,-51.0,-56.0,-58.0,-51.0,-95.0,-84.0,3
1172,-45.0,-50.0,-52.0,-53.0,-61.0,-75.0,-79.0,2
1173,-57.0,-56.0,-59.0,-59.0,-64.0,-79.0,-78.0,0
1174,-63.0,-56.0,-52.0,-65.0,-47.0,-82.0,-92.0,3
1175,-62.0,-56.0,-57.0,-63.0,-69.0,-87.0,-91.0,0
1176,-41.0,-57.0,-51.0,-40.0,-66.0,-78.0,-71.0,1
1177,-40.0,-63.0,-64.0,-50.0,-64.0,-75.0,-78.0,1
1178,-57.0,-56.0,-56.0,-61.0,-70.0,-77.0,-77.0,0
1179,-35.0,-55.0,-56.0,-37.0,-66.0,-65.0,-69.0,1
1180,-64.0,-63.0,-56.0,-64.0,-47.0,-92.0,-83.0,3
1181,-41.0,-57.0,-55.0,-43.0,-65.0,-71.0,-76.0,1
1182,-60.0,-53.0,-48.0,-61.0,-46.0,-85.0,-85.0,3
1183,-40.0,-58.0,-60.0,-49.0,-72.0,-74.0,-80.0,1
1184,-65.0,-60.0,-65.0,-66.0,-73.0,-84.0,-93.0,0
1185,-58.0,-57.0,-50.0,-60.0,-47.0,-84.0,-86.0,3
1186,-52.0,-53.0,-50.0,-52.0,-63.0,-84.0,-88.0,2
1187,-42.0,-53.0,-53.0,-42.0,-63.0,-72.0,-72.0,1
1188,-45.0,-55.0,-57.0,-47.0,-61.0,-78.0,-80.0,2
1189,-62.0,-57.0,-63.0,-67.0,-66.0,-87.0,-80.0,0
1190,-60.0,-60.0,-46.0,-54.0,-49.0,-81.0,-83.0,3
1191,-57.0,-53.0,-51.0,-57.0,-48.0,-88.0,-85.0,3
1192,-57.0,-52.0,-60.0,-61.0,-66.0,-81.0,-85.0,0
1193,-57.0,-51.0,-56.0,-57.0,-50.0,-88.0,-86.0,3
1194,-40.0,-52.0,-49.0,-41.0,-62.0,-69.0,-65.0,1
1195,-57.0,-57.0,-54.0,-58.0,-56.0,-84.0,-87.0,3
1196,-61.0,-54.0,-60.0,-61.0,-74.0,-87.0,-83.0,0
1197,-59.0,-60.0,-61.0,-66.0,-66.0,-81.0,-85.0,0
1198,-17.0,-62.0,-54.0,-22.0,-65.0,-70.0,-72.0,1
1199,-42.0,-55.0,-49.0,-45.0,-64.0,-70.0,-65.0,1
1200,-53.0,-58.0,-50.0,-52.0,-66.0,-78.0,-79.0,2
1201,-66.0,-60.0,-62.0,-62.0,-70.0,-82.0,-85.0,0
1202,-47.0,-50.0,-53.0,-47.0,-63.0,-76.0,-79.0,2
1203,-61.0,-58.0,-57.0,-66.0,-49.0,-93.0,-86.0,3
1204,-48.0,-47.0,-51.0,-52.0,-60.0,-74.0,-79.0,2
1205,-51.0,-52.0,-50.0,-49.0,-60.0,-77.0,-76.0,2
1206,-58.0,-54.0,-59.0,-62.0,-68.0,-79.0,-87.0,0
1207,-50.0,-53.0,-53.0,-55.0,-67.0,-78.0,-89.0,2
1208,-38.0,-53.0,-51.0,-39.0,-68.0,-76.0,-72.0,1
1209,-56.0,-54.0,-58.0,-62.0,-68.0,-77.0,-81.0,0
1210,-60.0,-57.0,-52.0,-59.0,-47.0,-88.0,-85.0,3
1211,-48.0,-46.0,-50.0,-54.0,-63.0,-87.0,-77.0,2
1212,-58.0,-60.0,-50.0,-61.0,-50.0,-87.0,-78.0,3
1213,-53.0,-58.0,-51.0,-51.0,-62.0,-84.0,-85.0,2
1214,-38.0,-52.0,-54.0,-38.0,-64.0,-73.0,-77.0,1
1215,-35.0,-54.0,-55.0,-40.0,-61.0,-79.0,-73.0,1
1216,-56.0,-60.0,-47.0,-58.0,-46.0,-80.0,-82.0,3
1217,-36.0,-55.0,-50.0,-41.0,-66.0,-72.0,-69.0,1
1218,-46.0,-59.0,-55.0,-49.0,-69.0,-74.0,-84.0,1
1219,-57.0,-53.0,-54.0,-61.0,-73.0,-86.0,-81.0,0
1220,-53.0,-55.0,-54.0,-51.0,-69.0,-79.0,-81.0,2
1221,-67.0,-56.0,-65.0,-68.0,-69.0,-83.0,-82.0,0
1222,-67.0,-61.0,-63.0,-65.0,-71.0,-81.0,-87.0,0
1223,-58.0,-57.0,-45.0,-58.0,-42.0,-88.0,-88.0,3
1224,-64.0,-54.0,-55.0,-59.0,-52.0,-88.0,-98.0,3
1225,-40.0,-53.0,-49.0,-41.0,-71.0,-66.0,-65.0,1
1226,-56.0,-55.0,-59.0,-68.0,-74.0,-84.0,-79.0,0
1227,-48.0,-61.0,-57.0,-51.0,-67.0,-83.0,-76.0,2
1228,-64.0,-57.0,-52.0,-60.0,-40.0,-87.0,-87.0,3
1229,-61.0,-56.0,-53.0,-62.0,-63.0,-84.0,-91.0,0
1230,-66.0,-57.0,-55.0,-64.0,-52.0,-91.0,-87.0,3
1231,-70.0,-64.0,-63.0,-69.0,-83.0,-85.0,-87.0,0
1232,-40.0,-53.0,-55.0,-37.0,-71.0,-75.0,-74.0,1
1233,-50.0,-56.0,-53.0,-52.0,-68.0,-84.0,-77.0,2
1234,-50.0,-56.0,-55.0,-47.0,-63.0,-86.0,-77.0,1
1235,-47.0,-53.0,-55.0,-57.0,-62.0,-80.0,-78.0,2
1236,-42.0,-53.0,-49.0,-44.0,-74.0,-70.0,-65.0,1
1237,-41.0,-60.0,-54.0,-43.0,-73.0,-80.0,-74.0,1
1238,-52.0,-56.0,-52.0,-50.0,-65.0,-86.0,-84.0,2
1239,-61.0,-52.0,-49.0,-56.0,-46.0,-84.0,-83.0,3
1240,-59.0,-59.0,-52.0,-59.0,-53.0,-87.0,-87.0,3
1241,-66.0,-53.0,-59.0,-62.0,-69.0,-81.0,-79.0,0
1242,-50.0,-60.0,-73.0,-58.0,-68.0,-88.0,-92.0,2
1243,-63.0,-57.0,-61.0,-65.0,-73.0,-84.0,-84.0,0
1244,-68.0,-57.0,-64.0,-68.0,-77.0,-88.0,-85.0,0
1245,-52.0,-64.0,-54.0,-54.0,-68.0,-85.0,-79.0,2
1246,-60.0,-51.0,-61.0,-63.0,-64.0,-86.0,-81.0,0
1247,-59.0,-57.0,-50.0,-59.0,-50.0,-89.0,-80.0,3
1248,-61.0,-54.0,-48.0,-58.0,-47.0,-91.0,-88.0,3
1249,-48.0,-54.0,-52.0,-54.0,-58.0,-87.0,-89.0,2
1250,-62.0,-55.0,-65.0,-59.0,-69.0,-86.0,-87.0,0
1251,-57.0,-52.0,-48.0,-58.0,-51.0,-86.0,-87.0,3
1252,-61.0,-53.0,-52.0,-60.0,-72.0,-75.0,-81.0,0
1253,-37.0,-55.0,-55.0,-40.0,-73.0,-72.0,-74.0,1
1254,-36.0,-59.0,-55.0,-36.0,-65.0,-66.0,-70.0,1
1255,-56.0,-51.0,-52.0,-59.0,-48.0,-87.0,-82.0,3
1256,-50.0,-53.0,-52.0,-50.0,-61.0,-79.0,-83.0,2
1257,-64.0,-55.0,-55.0,-66.0,-49.0,-88.0,-88.0,3
1258,-61.0,-60.0,-60.0,-65.0,-67.0,-82.0,-78.0,0
1259,-49.0,-55.0,-53.0,-48.0,-61.0,-79.0,-78.0,2
1260,-41.0,-55.0,-58.0,-43.0,-60.0,-71.0,-72.0,1
1261,-65.0,-57.0,-56.0,-63.0,-48.0,-92.0,-85.0,3
1262,-65.0,-56.0,-65.0,-63.0,-68.0,-82.0,-93.0,0
1263,-66.0,-62.0,-64.0,-68.0,-73.0,-89.0,-83.0,0
1264,-49.0,-52.0,-53.0,-54.0,-65.0,-77.0,-88.0,2
1265,-64.0,-51.0,-57.0,-67.0,-68.0,-84.0,-82.0,0
1266,-56.0,-54.0,-50.0,-58.0,-50.0,-83.0,-85.0,3
1267,-61.0,-58.0,-58.0,-62.0,-66.0,-81.0,-81.0,0
1268,-63.0,-57.0,-59.0,-66.0,-71.0,-82.0,-83.0,0
1269,-63.0,-57.0,-62.0,-65.0,-76.0,-82.0,-88.0,0
1270,-66.0,-57.0,-55.0,-65.0,-51.0,-88.0,-88.0,3
1271,-60.0,-56.0,-43.0,-61.0,-50.0,-89.0,-87.0,3
1272,-52.0,-56.0,-52.0,-49.0,-61.0,-86.0,-81.0,2
1273,-45.0,-52.0,-54.0,-53.0,-56.0,-83.0,-79.0,2
1274,-59.0,-53.0,-55.0,-60.0,-51.0,-87.0,-87.0,3
1275,-57.0,-53.0,-45.0,-54.0,-52.0,-84.0,-82.0,3
1276,-62.0,-57.0,-58.0,-65.0,-71.0,-87.0,-86.0,0
1277,-60.0,-56.0,-56.0,-64.0,-67.0,-84.0,-85.0,0
1278,-38.0,-56.0,-48.0,-39.0,-71.0,-72.0,-71.0,1
1279,-62.0,-59.0,-52.0,-69.0,-46.0,-91.0,-98.0,3
