,0,1,2,3,4,5,6,class
0,-39.0,-57.0,-50.0,,,,-79.0,1
1,-62.0,,,-65.0,-68.0,-87.0,,0
2,,,,-55.0,-60.0,-82.0,-84.0,2
3,,-61.0,,,-54.0,,,3
4,,-50.0,,-67.0,-65.0,,,0
5,-38.0,,-53.0,-40.0,-63.0,,,1
6,,,,,,-85.0,,0
7,-39.0,-59.0,-57.0,-42.0,-75.0,,-74.0,1
8,,,-51.0,-57.0,,,,3
9,,-57.0,,-20.0,,,,1
10,-57.0,,-49.0,-64.0,-52.0,-88.0,-81.0,3
11,-63.0,-58.0,-56.0,-66.0,-73.0,-87.0,,0
12,,-57.0,-54.0,-65.0,,,-88.0,3
13,-52.0,,-56.0,-49.0,,,,2
14,-65.0,-56.0,,,-68.0,-82.0,,0
15,-63.0,,,-63.0,-45.0,-92.0,,3
16,,-52.0,-53.0,-43.0,-68.0,-79.0,,2
17,,,-52.0,,-60.0,,-77.0,2
18,-37.0,-49.0,,,-62.0,-64.0,-71.0,1
19,,-60.0,,,,-84.0,,0
20,-56.0,-48.0,,-62.0,-43.0,-83.0,,3
21,-62.0,,-58.0,-63.0,,-85.0,,0
22,-67.0,-57.0,,-71.0,-75.0,,-87.0,0
23,,-48.0,-59.0,,,-84.0,-77.0,0
24,-41.0,-58.0,,-41.0,-73.0,,,1
25,,-61.0,-61.0,-37.0,,,,1
26,-41.0,,,,-60.0,,-72.0,1
27,,,,-59.0,-62.0,-81.0,-83.0,0
28,,-59.0,,,-74.0,-88.0,,0
29,,-52.0,,,,-91.0,,3
30,,-57.0,,-59.0,-50.0,,,3
31,-59.0,,,,,-85.0,-87.0,3
32,,-54.0,,,-62.0,-66.0,,1
33,,-56.0,-58.0,,-80.0,,-70.0,1
34,-61.0,-59.0,,,-50.0,,,3
35,,,,,,-70.0,,1
36,,,-55.0,,,,,3
37,-59.0,-54.0,-59.0,-60.0,-50.0,,-86.0,3
38,-41.0,,-53.0,-38.0,,,-72.0,1
39,-38.0,-58.0,,,-66.0,-82.0,-79.0,1
40,-60.0,-58.0,-56.0,,-68.0,,,0
41,,,-61.0,-59.0,-59.0,-85.0,,2
42,-61.0,,-68.0,-62.0,-77.0,-90.0,-80.0,0
43,-45.0,,,-53.0,-62.0,,-85.0,2
44,,-58.0,-51.0,,,-88.0,,2
45,,,-52.0,,-63.0,-87.0,-85.0,2
46,-38.0,-53.0,-52.0,-40.0,,,,1
47,-63.0,,-59.0,-65.0,,,,0
48,,-59.0,,,-64.0,-84.0,-78.0,2
49,-59.0,-50.0,-57.0,-61.0,,-85.0,,3
50,,-55.0,-55.0,,,-78.0,-79.0,3
51,-49.0,,,-48.0,,,,2
52,-45.0,,,,-56.0,-83.0,,2
53,-51.0,,-49.0,,,-77.0,,2
54,,-52.0,,-52.0,-61.0,-82.0,-88.0,2
55,,-55.0,,-50.0,,,-73.0,1
56,,,,-36.0,-69.0,-71.0,,1
57,-55.0,,-47.0,,,,,3
58,-62.0,,,-65.0,,,-88.0,0
59,,,,,-71.0,-77.0,-79.0,1
60,-46.0,-56.0,,,-65.0,-84.0,-85.0,2
61,,,-58.0,,,,,1
62,,-55.0,,-61.0,,-79.0,,3
63,,-51.0,,-62.0,-71.0,,,0
64,-39.0,-62.0,,,,-73.0,-72.0,1
65,,,,,,,,3
66,-60.0,,-56.0,-65.0,-50.0,-96.0,-87.0,3
67,,,-56.0,,-49.0,-89.0,-88.0,3
68,,-63.0,-61.0,-43.0,-64.0,-76.0,,1
69,,-58.0,-58.0,-42.0,-64.0,-79.0,,1
70,,-55.0,,,,,-80.0,1
71,,,,,,-73.0,-77.0,1
72,,-58.0,,,-75.0,,,1
73,-47.0,-58.0,-55.0,,-62.0,-79.0,,1
74,,-53.0,,,-47.0,,,3
75,-56.0,-50.0,-47.0,,,,,3
76,-63.0,,-63.0,,,-86.0,-81.0,0
77,,-56.0,,,,-81.0,-80.0,2
78,-50.0,-56.0,-55.0,,-63.0,,-77.0,1
79,-62.0,-52.0,-56.0,,-64.0,-78.0,,0
80,-40.0,-53.0,-50.0,,-62.0,-69.0,-65.0,1
81,-62.0,-59.0,,-64.0,,-84.0,,0
82,,,,-62.0,,-89.0,,0
83,,,,-15.0,-72.0,-69.0,,1
84,,,,-52.0,-66.0,-78.0,-79.0,2
85,,,-59.0,-36.0,-75.0,-73.0,,1
86,,,,-43.0,,-80.0,-74.0,1
87,,,-66.0,,,-90.0,,0
88,,-53.0,-56.0,,,,-79.0,1
89,,-56.0,-49.0,-57.0,,,,3
90,,-56.0,-58.0,-67.0,,-80.0,,0
91,,,-50.0,-59.0,,,-81.0,3
92,,-61.0,,-52.0,,,-89.0,2
93,,-55.0,,,-65.0,,-84.0,2
94,-63.0,-58.0,,,-52.0,,,3
95,-49.0,,-49.0,,,-89.0,,2
96,-64.0,-56.0,,,-73.0,-89.0,-85.0,0
97,-39.0,,-56.0,-40.0,-70.0,,,1
98,-21.0,-61.0,-62.0,-16.0,-76.0,,,1
99,-43.0,-55.0,,-39.0,,-69.0,-73.0,1
100,-60.0,,,-59.0,,-81.0,,3
101,,-55.0,,-51.0,-58.0,,-81.0,2
102,-46.0,-52.0,-54.0,-47.0,,-79.0,,2
103,,-54.0,,-48.0,-64.0,,-79.0,2
104,,,,-52.0,-63.0,-81.0,-76.0,2
105,,,,,-73.0,,,1
106,-43.0,,-55.0,,-69.0,-67.0,-71.0,1
107,-64.0,-57.0,,,-71.0,,,0
108,,-59.0,-65.0,-75.0,-81.0,-84.0,-91.0,0
109,,-55.0,,,,-70.0,-74.0,1
110,,-57.0,-54.0,-58.0,-56.0,-84.0,-87.0,3
111,-52.0,,,,-63.0,,,2
112,-10.0,,-54.0,,-70.0,,,1
113,-39.0,-56.0,-55.0,-41.0,-62.0,,-75.0,1
114,-37.0,-58.0,,,-63.0,,,1
115,,,,-38.0,-71.0,-71.0,,1
116,,,,,,-91.0,-79.0,3
117,-64.0,,-59.0,-61.0,-70.0,,,0
118,,,,-64.0,-65.0,-87.0,,0
119,,-53.0,-52.0,-45.0,,-79.0,-78.0,2
120,-62.0,,,-63.0,-66.0,,-82.0,0
121,-49.0,-58.0,-55.0,-52.0,,,-84.0,2
122,,-52.0,,-62.0,,-84.0,-79.0,0
123,-63.0,-59.0,-61.0,,,-90.0,,0
124,,,,,,,,2
125,,-50.0,,-54.0,,,-87.0,0
126,-50.0,,-50.0,,-68.0,-78.0,,2
127,-69.0,-59.0,-59.0,-65.0,,,,0
128,,-57.0,,-41.0,,,-68.0,1
129,-62.0,-49.0,-56.0,,,-78.0,-80.0,0
130,,-59.0,-55.0,-37.0,-73.0,-72.0,,1
131,-59.0,,,-60.0,-68.0,-82.0,,0
132,,,-50.0,,,-80.0,,2
133,,,-64.0,,,,,0
134,-61.0,,-50.0,,,,,3
135,,-52.0,,,,-85.0,,0
136,,-64.0,-47.0,,-50.0,-88.0,,3
137,,-53.0,,-48.0,,,-86.0,2
138,,,,,,,-88.0,3
139,,-54.0,-52.0,,,,-86.0,2
140,,,-57.0,-59.0,-72.0,-82.0,,0
141,-61.0,-56.0,-48.0,-62.0,,,-86.0,3
142,-44.0,,-56.0,,-63.0,,,1
143,,-52.0,,,-60.0,-79.0,,2
144,-60.0,,-58.0,-57.0,,,-82.0,0
145,,,-50.0,,-47.0,-87.0,,3
146,,,-51.0,-65.0,,-91.0,-94.0,3
147,-48.0,-52.0,-52.0,,,-81.0,-84.0,2
148,-60.0,,-59.0,-64.0,-65.0,,-81.0,0
149,-34.0,,-52.0,-37.0,,,-75.0,1
150,,,-54.0,-50.0,-62.0,-79.0,-74.0,2
151,,-54.0,-53.0,-36.0,-65.0,,-72.0,1
152,-56.0,,-40.0,,-50.0,,,3
153,-36.0,,,,,,-72.0,1
154,,,-55.0,,-68.0,,-79.0,0
155,-59.0,-57.0,,,,,-86.0,3
156,,-58.0,-56.0,,-70.0,,,1
157,,-54.0,,-36.0,,-71.0,,1
158,-47.0,-53.0,-49.0,-49.0,,,,2
159,,-57.0,,,,,,2
160,-49.0,,-50.0,,-64.0,-79.0,-77.0,2
161,-40.0,-54.0,,-42.0,,,-71.0,1
162,-48.0,-50.0,,-51.0,-59.0,,,2
163,-40.0,,-56.0,-41.0,,,-73.0,1
164,-63.0,,,-70.0,-46.0,,,3
165,,-55.0,,,,-81.0,,1
166,,-57.0,,,-64.0,-81.0,-85.0,2
167,-49.0,,,-50.0,-63.0,,-91.0,2
168,,-60.0,-53.0,-37.0,,,-67.0,1
169,-60.0,-56.0,-58.0,,,-80.0,-87.0,0
170,-46.0,,,-49.0,-68.0,,-85.0,2
171,,-52.0,,,,-86.0,,2
172,,,,-41.0,-75.0,-69.0,,1
173,,-62.0,,,-73.0,-89.0,,0
174,-64.0,-57.0,-53.0,,,-86.0,,3
175,-59.0,,-58.0,,-64.0,,,0
176,,-58.0,-59.0,,-68.0,,,0
177,-62.0,-56.0,-61.0,,,,-76.0,0
178,-60.0,,-45.0,-59.0,,-88.0,,3
179,,,-61.0,,,,,0
180,-61.0,,-57.0,,-55.0,,,3
181,,,,-44.0,,-70.0,-65.0,1
182,,,-47.0,,-49.0,-86.0,-81.0,3
183,-42.0,-55.0,,,,,,1
184,-48.0,-57.0,-49.0,,-62.0,,-87.0,2
185,-39.0,-56.0,-53.0,-49.0,-70.0,-80.0,,1
186,-59.0,-59.0,,-66.0,,-86.0,,3
187,,-53.0,-55.0,-60.0,,,-87.0,3
188,-50.0,,,-50.0,-69.0,,,2
189,,,-56.0,-61.0,-52.0,,-85.0,3
190,-39.0,-56.0,,-39.0,-68.0,-74.0,-73.0,1
191,,,,-51.0,-62.0,,-85.0,2
192,,,,-60.0,-74.0,-74.0,-82.0,0
193,,,-54.0,-77.0,-42.0,,-92.0,3
194,,,,,-63.0,,-77.0,0
195,,,,-52.0,,,-83.0,1
196,,,-60.0,,-74.0,,-90.0,0
197,,,-63.0,,,,,0
198,,,,-43.0,,,,1
199,-40.0,-56.0,-56.0,,-66.0,,,1
200,,-55.0,,-67.0,,-84.0,,0
201,-63.0,,,-65.0,,-82.0,-80.0,0
202,,-56.0,,,-52.0,,-87.0,3
203,,,-62.0,-71.0,-74.0,-92.0,,0
204,,-55.0,-48.0,,-46.0,,,3
205,-14.0,-54.0,-57.0,-15.0,-69.0,,-71.0,1
206,,-55.0,,-49.0,-63.0,,,2
207,-61.0,-60.0,,,,,,3
208,-64.0,-58.0,,-65.0,-50.0,-91.0,,3
209,-17.0,-56.0,,-36.0,,,,1
210,,-54.0,,-60.0,,-80.0,-88.0,0
211,-66.0,,-61.0,-61.0,,-81.0,-90.0,0
212,,-56.0,-55.0,-38.0,,-75.0,,1
213,-41.0,-56.0,,-43.0,-66.0,,-76.0,1
214,-61.0,-56.0,-53.0,-62.0,,-84.0,-91.0,0
215,-50.0,-55.0,-58.0,,,-75.0,,1
216,,-54.0,-46.0,-65.0,-51.0,-91.0,-89.0,3
217,-42.0,-53.0,-62.0,,,-65.0,-69.0,1
218,,-52.0,,-63.0,-48.0,,,3
219,,-58.0,-56.0,,-65.0,,,1
220,-68.0,-58.0,,,,,-82.0,0
221,-58.0,-54.0,,,-53.0,,,3
222,-58.0,-61.0,-56.0,,-49.0,-83.0,,3
223,,-56.0,-62.0,,,,,0
224,-56.0,,-51.0,,,-81.0,,3
225,-61.0,,,,,,,0
226,-68.0,-55.0,-63.0,-61.0,-74.0,-79.0,,0
227,,-60.0,,-57.0,,,-86.0,3
228,-57.0,-52.0,,-60.0,-43.0,,,3
229,-65.0,,,-67.0,,,,0
230,-57.0,,-49.0,,-50.0,-87.0,-85.0,3
231,,,-59.0,-64.0,,-80.0,,0
232,-60.0,,-52.0,,-46.0,-85.0,-83.0,3
233,-63.0,-58.0,,,,,,0
234,-34.0,,-56.0,-42.0,,-76.0,-75.0,1
235,,-55.0,,,-72.0,-80.0,-88.0,2
236,,-54.0,,-65.0,-74.0,-79.0,-85.0,0
237,,-62.0,-59.0,,,,,2
238,,,-62.0,,,-85.0,,0
239,-63.0,,-63.0,-65.0,-72.0,-82.0,-89.0,0
240,,,,-36.0,-78.0,-72.0,-77.0,1
241,-35.0,-53.0,,-44.0,-63.0,-68.0,,1
242,,,-57.0,-65.0,-69.0,-80.0,-89.0,0
243,,-58.0,-50.0,-53.0,,,,2
244,-38.0,,,-48.0,,,,1
245,-64.0,,-53.0,,,,,3
246,,,,,-64.0,-79.0,-81.0,0
247,-53.0,,,,-59.0,,-82.0,2
248,,-51.0,-53.0,-37.0,-67.0,,,1
249,-62.0,,,-72.0,-73.0,-86.0,-82.0,0
250,,,-45.0,-59.0,-50.0,,,3
251,-66.0,,,-63.0,,,,0
252,-64.0,,,,,-92.0,-83.0,3
253,-58.0,,-50.0,,,-87.0,,3
254,-62.0,-57.0,-60.0,-65.0,-72.0,,-87.0,0
255,,,-60.0,,,-72.0,,1
256,-64.0,-52.0,-57.0,,-66.0,,-81.0,0
257,,,-58.0,-44.0,,,,1
258,,,,,,,-78.0,0
259,,,,-69.0,,-86.0,-86.0,0
260,,-54.0,,-52.0,-58.0,,,2
261,-60.0,,,,,,-86.0,3
262,,-58.0,-64.0,-69.0,,,,0
263,,-53.0,-55.0,-52.0,-57.0,-86.0,,2
264,,,,,,-81.0,-90.0,0
265,,,-59.0,-36.0,,-74.0,,1
266,,-55.0,-55.0,-44.0,-68.0,,-79.0,1
267,-67.0,,,,,,,0
268,-44.0,-55.0,-61.0,-41.0,,-72.0,-68.0,1
269,,,,-35.0,,,,1
270,,,-51.0,,-63.0,-79.0,-84.0,2
271,-39.0,-48.0,,-38.0,,,-89.0,1
272,,-55.0,-57.0,-37.0,,-71.0,-71.0,1
273,,,-65.0,-62.0,,-80.0,,0
274,,,,-49.0,,-88.0,,2
275,,-58.0,-57.0,,,,-79.0,0
276,-62.0,-56.0,,,-68.0,,-86.0,0
277,-47.0,-57.0,-52.0,-44.0,-67.0,-78.0,-75.0,2
278,-51.0,,,-53.0,-59.0,,-76.0,2
279,,-53.0,,-58.0,-58.0,-84.0,,2
280,,,-50.0,-54.0,,-81.0,-77.0,2
281,-62.0,-53.0,,-59.0,-48.0,,,3
282,,-48.0,,,,,-82.0,0
283,,,,-59.0,,-88.0,,3
284,,,,,-57.0,,,2
285,-36.0,-52.0,-55.0,-36.0,-69.0,-64.0,-70.0,1
286,-42.0,,-52.0,,,,-71.0,1
287,-64.0,-54.0,,-63.0,,,,0
288,-62.0,-58.0,-54.0,,,,-85.0,3
289,,,,,-51.0,-87.0,-91.0,3
290,-36.0,-55.0,,,-66.0,-72.0,-69.0,1
291,,-56.0,,,,,,0
292,,-56.0,,,-72.0,-67.0,-70.0,1
293,,,,,-49.0,-81.0,,3
294,,,-45.0,-57.0,-45.0,,,3
295,,,-51.0,-61.0,,,-79.0,3
296,,-58.0,-51.0,,-62.0,,,2
297,,,-50.0,-45.0,-60.0,-82.0,,2
298,,-58.0,,,-40.0,,-87.0,3
299,-63.0,,,-67.0,-71.0,,,0
300,,-53.0,,,-62.0,,,2
301,,-57.0,,,,-86.0,,0
302,,-55.0,,,,,,0
303,-64.0,,-61.0,-66.0,-71.0,-82.0,,0
304,-38.0,,,,,-73.0,-73.0,1
305,-62.0,-54.0,,-64.0,-65.0,,-85.0,0
306,,-58.0,-53.0,,-60.0,-79.0,-79.0,2
307,-60.0,-59.0,-55.0,-66.0,,,,0
308,,,,,,,-87.0,3
309,-46.0,,,-53.0,,-87.0,,2
310,-35.0,,-55.0,,-61.0,,-79.0,1
311,,-56.0,,,-71.0,,-77.0,2
312,-48.0,-56.0,,-39.0,,-78.0,,1
313,,,,,,,,0
314,,,,-48.0,,-85.0,,2
315,,-55.0,-50.0,-63.0,-50.0,,,3
316,-63.0,-56.0,,,-49.0,-88.0,,3
317,,-56.0,-58.0,,-70.0,,,2
318,-42.0,-54.0,,-39.0,-63.0,,,1
319,-56.0,-55.0,,-68.0,-74.0,-84.0,-79.0,0
320,,-51.0,,,-51.0,,,3
321,,,,,,,,1
322,-36.0,,-54.0,,-67.0,-73.0,,1
323,-35.0,,,-40.0,-61.0,,,1
324,-40.0,-56.0,,,,,-79.0,1
325,-58.0,,-56.0,-64.0,,-82.0,,3
326,-60.0,,-52.0,-59.0,-47.0,-88.0,,3
327,-17.0,,-57.0,-35.0,,-69.0,,1
328,,-57.0,-57.0,,,-89.0,-72.0,1
329,-73.0,,,,-77.0,,-90.0,0
330,,-51.0,,,-67.0,,-85.0,0
331,,,,-53.0,,-78.0,-81.0,2
332,,,-52.0,,-60.0,-74.0,,1
333,-50.0,-68.0,-48.0,-56.0,,,-77.0,2
334,,,-62.0,-62.0,,,-81.0,0
335,,,-55.0,,-53.0,,,3
336,,,,-43.0,-67.0,-78.0,-82.0,1
337,-63.0,-56.0,,,-49.0,,-92.0,3
338,,,-48.0,,,-87.0,-87.0,3
339,,,-45.0,-65.0,,-92.0,,3
340,-49.0,,-50.0,-54.0,-62.0,-77.0,,2
341,,-54.0,,,,,-87.0,2
342,,,-57.0,,,,-86.0,2
343,,,,,-62.0,-67.0,-67.0,1
344,,-56.0,-63.0,-71.0,-77.0,,-85.0,0
345,,,,,,-77.0,,1
346,-42.0,,-53.0,,-63.0,-72.0,,1
347,-45.0,,-52.0,-51.0,,,,2
348,,-52.0,,,-51.0,-85.0,-81.0,3
349,-47.0,,,,,,-86.0,2
350,,-51.0,,,-67.0,-72.0,-77.0,1
351,,,,-37.0,-67.0,-70.0,,1
352,,-56.0,-50.0,-50.0,,,-81.0,2
353,-64.0,,-58.0,,-68.0,,,0
354,-53.0,-62.0,-57.0,-49.0,,-88.0,-87.0,2
355,,-58.0,-55.0,-46.0,-69.0,-75.0,,1
356,-57.0,-57.0,,-61.0,-67.0,,-83.0,0
357,,-57.0,-53.0,-34.0,,-76.0,,1
358,,-46.0,,,-63.0,,,1
359,-60.0,,-57.0,,,,-89.0,3
360,,-58.0,-65.0,,,-86.0,,0
361,-64.0,-57.0,-47.0,-58.0,-46.0,,-86.0,3
362,-67.0,-56.0,,,,,-82.0,0
363,-45.0,,,-53.0,,-81.0,,2
364,,,-53.0,-48.0,,,-79.0,2
365,-51.0,,-51.0,-58.0,-58.0,,,2
366,,,-43.0,,,,-89.0,3
367,,,,-65.0,-70.0,-85.0,-87.0,0
368,-59.0,-52.0,,,-51.0,-89.0,-84.0,3
369,,-58.0,-56.0,-55.0,-71.0,,,2
370,-46.0,,-48.0,,-62.0,,,2
371,,-59.0,,,-72.0,-75.0,-70.0,1
372,-50.0,-57.0,,,-62.0,-91.0,-93.0,2
373,,,-57.0,-17.0,,-77.0,-73.0,1
374,-59.0,-53.0,-57.0,,-55.0,-88.0,-85.0,3
375,,,,-60.0,-47.0,-84.0,,3
376,,-55.0,-56.0,-66.0,,,-80.0,0
377,,-58.0,,,-66.0,-80.0,-77.0,0
378,,,-64.0,,,-82.0,-82.0,0
379,-36.0,,-57.0,,-66.0,-70.0,-69.0,1
380,,,-64.0,,-72.0,,,0
381,,-55.0,,,-72.0,,-81.0,0
382,-50.0,,-54.0,,-66.0,-78.0,-78.0,2
383,-64.0,-55.0,,-74.0,,,,0
384,-13.0,-55.0,-55.0,,,,,1
385,,-57.0,,,,-88.0,,0
386,-63.0,-57.0,,-69.0,-77.0,,-85.0,0
387,-61.0,,,,-49.0,-88.0,,3
388,-56.0,-52.0,,,,,,2
389,-59.0,,-57.0,,,-91.0,,3
390,,,,-48.0,-60.0,-79.0,-80.0,2
391,,-55.0,-60.0,-69.0,,-85.0,-87.0,0
392,,,-56.0,,,-72.0,-77.0,1
393,-47.0,-54.0,,,,,-83.0,2
394,,,-52.0,,-65.0,-77.0,-89.0,2
395,-67.0,,-55.0,,-49.0,-91.0,-89.0,3
396,,,,,-62.0,,,0
397,-47.0,-58.0,-51.0,-43.0,-65.0,,-80.0,2
398,-49.0,,-50.0,-56.0,,-81.0,,2
399,,,-47.0,,-69.0,,-84.0,1
400,,,-54.0,,,,-75.0,2
401,-65.0,,,,,,,3
402,,-56.0,-59.0,,,,-80.0,1
403,,-57.0,-48.0,-64.0,,-92.0,-87.0,3
404,-50.0,-57.0,-60.0,,,-77.0,-82.0,2
405,,-60.0,-53.0,,-65.0,-67.0,,1
406,,,-53.0,-59.0,-52.0,-81.0,,3
407,,-58.0,,-62.0,-71.0,-81.0,,0
408,,-56.0,,-51.0,-62.0,-78.0,-82.0,2
409,,,-50.0,,,-72.0,,1
410,-58.0,,-49.0,,-48.0,,-85.0,3
411,,,,,,,-86.0,3
412,-54.0,,,-52.0,,-86.0,-78.0,2
413,,,-49.0,,-53.0,-82.0,-86.0,3
414,-65.0,,,-65.0,,,-93.0,0
415,,-51.0,-53.0,,,,,3
416,,-58.0,-50.0,,-52.0,,,3
417,-57.0,-51.0,-47.0,-61.0,,,,3
418,,-54.0,-48.0,,,-82.0,-86.0,3
419,-52.0,-51.0,-53.0,,,-88.0,-84.0,2
420,-67.0,-56.0,,-70.0,-74.0,-81.0,,0
421,-64.0,-55.0,,-61.0,,-83.0,-87.0,3
422,-26.0,-57.0,,-37.0,,,-69.0,1
423,,-63.0,,-70.0,,,,0
424,-58.0,-53.0,,,-54.0,,,3
425,-68.0,,,,,-83.0,-83.0,0
426,,-56.0,-55.0,-63.0,-47.0,-85.0,,3
427,,,-51.0,,,-77.0,,2
428,,,,-62.0,-68.0,-77.0,,0
429,,,-59.0,-68.0,-74.0,-95.0,-84.0,0
430,,,-51.0,-50.0,-62.0,,,2
431,,-54.0,-51.0,,,-87.0,-88.0,3
432,-66.0,-58.0,,,,-85.0,,0
433,-48.0,,,,,,,2
434,,-53.0,-53.0,-54.0,,-78.0,-86.0,2
435,-36.0,-55.0,,-36.0,-60.0,-73.0,-72.0,1
436,-49.0,,-57.0,,-72.0,,,2
437,-43.0,-59.0,,-53.0,-61.0,-83.0,,2
438,-18.0,-62.0,,,,-71.0,-78.0,1
439,,,,,-62.0,-79.0,-84.0,2
440,-40.0,,,-38.0,-60.0,,-75.0,1
441,,,,-67.0,-89.0,-85.0,-83.0,0
442,-37.0,,,,-65.0,,-72.0,1
443,,,-51.0,,,,,3
444,-36.0,-56.0,,,-63.0,-65.0,-70.0,1
445,,,-58.0,,,-87.0,-86.0,0
446,,-56.0,,,,-89.0,,3
447,-62.0,-53.0,,,,,,0
448,,-54.0,,,,,,1
449,-51.0,-58.0,-59.0,-52.0,,-78.0,-84.0,2
450,,,-54.0,,,,-88.0,2
451,-45.0,,,-43.0,-71.0,,,1
452,,-58.0,,-40.0,,-70.0,-67.0,1
453,-64.0,-58.0,,-64.0,,-92.0,,3
454,,,-54.0,-45.0,-71.0,,-74.0,1
455,,-54.0,-57.0,-67.0,,,,0
456,,,-52.0,-60.0,,-75.0,,0
457,,-52.0,-53.0,,,,,2
458,-63.0,,,,-67.0,-83.0,-79.0,0
459,,,,,-61.0,,-79.0,2
460,-40.0,-53.0,,-41.0,,-66.0,,1
461,-15.0,,,-37.0,-65.0,-74.0,-73.0,1
462,,,,-53.0,,-80.0,-88.0,3
463,,,-63.0,,,-65.0,,1
464,-60.0,,,,-72.0,,,0
465,,,,,-61.0,-83.0,-81.0,2
466,-65.0,-52.0,,-65.0,-49.0,-88.0,,3
467,-50.0,,-51.0,-52.0,-60.0,,-79.0,2
468,-63.0,,,-63.0,,,,0
469,,-55.0,-52.0,,,-82.0,,2
470,-51.0,-52.0,-50.0,,-60.0,,,2
471,-59.0,,,,-48.0,,,3
472,-52.0,,-51.0,-55.0,-65.0,-85.0,-85.0,2
473,,,,,,-80.0,,3
474,,-56.0,-56.0,,,-78.0,,2
475,,,,-59.0,,-88.0,,3
476,,-58.0,-59.0,,,,,1
477,,-50.0,-53.0,-47.0,,,-79.0,2
478,-58.0,-59.0,-56.0,-64.0,,,-87.0,0
479,,,-53.0,,,,-87.0,3
480,,-55.0,-55.0,-54.0,,,-78.0,2
481,-57.0,,-48.0,,,-84.0,,3
482,-62.0,,,,,,-80.0,0
483,-60.0,-54.0,-57.0,,,-81.0,-83.0,0
484,-63.0,-52.0,-56.0,,-66.0,-80.0,-80.0,0
485,-46.0,-56.0,,-55.0,,-82.0,,2
486,-37.0,-56.0,,,-64.0,-61.0,-69.0,1
487,,-56.0,-64.0,-61.0,,-83.0,,0
488,,,-51.0,-54.0,-45.0,-79.0,,3
489,-48.0,-55.0,,-49.0,-67.0,,-88.0,2
490,,-58.0,,,-65.0,,-83.0,0
491,,,,,,,,2
492,,,,,,-89.0,-86.0,0
493,,-48.0,-56.0,-53.0,,-80.0,,2
494,-52.0,-51.0,-47.0,-49.0,-64.0,,-78.0,2
495,-48.0,-57.0,-60.0,,,-85.0,-77.0,1
496,,,,,-66.0,,-69.0,1
497,,-57.0,,-61.0,-53.0,,,3
498,-57.0,,,-59.0,-51.0,-88.0,-85.0,3
499,,-54.0,-56.0,,,-81.0,-80.0,2
500,,,-61.0,-38.0,,,-71.0,1
501,-47.0,,-53.0,-53.0,-66.0,,,2
502,,,,,-70.0,-78.0,,1
503,-64.0,,,-59.0,,,-87.0,0
504,-36.0,-57.0,-61.0,-38.0,,,,1
505,,-59.0,-51.0,-62.0,,,-91.0,3
506,,,,,-66.0,-81.0,-85.0,0
507,-59.0,-50.0,,,-45.0,,,3
508,,,,,,,-83.0,2
509,-63.0,,-62.0,-66.0,-76.0,,-85.0,0
510,,-57.0,,,,,-83.0,0
511,-49.0,-49.0,,-47.0,,,,2
512,,-53.0,,,,-78.0,-89.0,2
513,,-57.0,-56.0,,-48.0,,-85.0,3
514,,-50.0,-52.0,-53.0,-61.0,-75.0,-79.0,2
515,-65.0,,-65.0,,-68.0,,,0
516,,,,-45.0,-64.0,-70.0,,1
517,,,-59.0,,,-72.0,,1
518,,-55.0,-44.0,-60.0,-49.0,-84.0,-80.0,3
519,-62.0,-54.0,,-61.0,-71.0,,,0
520,,-52.0,,-43.0,-71.0,-74.0,-79.0,1
521,-48.0,-57.0,,-51.0,,,,2
522,,-54.0,-58.0,,-67.0,,,0
523,-53.0,-54.0,,-52.0,-63.0,,-85.0,2
524,,,,,-49.0,,-88.0,3
525,-37.0,,,,-72.0,-76.0,-79.0,1
526,-57.0,,-53.0,,,,,3
527,,-54.0,,-43.0,-62.0,,,1
528,-61.0,-54.0,-48.0,,,,,3
529,,,,-45.0,,-81.0,,2
530,-63.0,,,,,,,0
531,,,,,-50.0,,,3
532,,-56.0,,,,-89.0,-86.0,2
533,-41.0,-57.0,,,,,-77.0,1
534,,-55.0,,-59.0,,-87.0,-83.0,3
535,-58.0,,,,,,-81.0,3
536,,-51.0,,-57.0,-50.0,-88.0,,3
537,,,-57.0,,,-66.0,-77.0,1
538,,-53.0,,-59.0,-52.0,,-82.0,3
539,-38.0,-57.0,-50.0,-38.0,,-74.0,-69.0,1
540,,-58.0,,,-47.0,,-81.0,3
541,,-56.0,,,-72.0,,,1
542,-43.0,,,,-64.0,-74.0,,1
543,,-50.0,,,-55.0,,-83.0,3
544,-58.0,,-46.0,-59.0,-50.0,,-90.0,3
545,,,,-44.0,-63.0,,-76.0,2
546,,,-61.0,-63.0,-65.0,-88.0,,0
547,-50.0,,-51.0,-49.0,-63.0,-79.0,-80.0,2
548,,-56.0,-50.0,-60.0,,-81.0,-85.0,3
549,,,-57.0,,-49.0,-87.0,,3
550,-45.0,,,,-69.0,,-77.0,1
551,,-54.0,-49.0,-58.0,-52.0,,-93.0,3
552,-62.0,-51.0,,-61.0,-49.0,-87.0,,3
553,,,,-61.0,-67.0,-77.0,,0
554,,,-64.0,,,-82.0,,0
555,-65.0,,,-61.0,-66.0,-81.0,,0
556,-37.0,-51.0,,,,,,1
557,-45.0,-51.0,,,,,-79.0,2
558,,-55.0,-54.0,,-68.0,,-81.0,0
559,-49.0,-64.0,-58.0,,-70.0,,-80.0,2
560,-59.0,-57.0,-56.0,-65.0,-49.0,-91.0,,3
561,-49.0,,-54.0,,-60.0,,-79.0,2
562,-57.0,,,,,,-85.0,0
563,-41.0,-56.0,,,-72.0,-74.0,-66.0,1
564,-36.0,-54.0,,-46.0,,-66.0,,1
565,-60.0,-53.0,,-67.0,-64.0,,,0
566,,,,,-49.0,-85.0,,3
567,,-64.0,-54.0,-54.0,,,-79.0,2
568,-60.0,-56.0,,,-65.0,,,0
569,,,-49.0,-68.0,-45.0,-85.0,-92.0,3
570,,,-56.0,-60.0,-52.0,,,3
571,,-48.0,,-52.0,,-77.0,,2
572,-48.0,,-49.0,-52.0,,-82.0,-73.0,2
573,-43.0,-55.0,-54.0,,-58.0,,,1
574,,,,,,-88.0,-87.0,3
575,,-60.0,,-18.0,,,-73.0,1
576,-67.0,,,-70.0,-69.0,,,0
577,-49.0,-53.0,-51.0,,,,,2
578,-57.0,-54.0,-46.0,-53.0,,,-84.0,3
579,,,-59.0,,-67.0,,-79.0,0
580,,-56.0,,-54.0,,,,2
581,-62.0,-59.0,-62.0,-63.0,,,,0
582,,-53.0,-58.0,-64.0,,-84.0,,0
583,-36.0,,-57.0,-34.0,,,,1
584,,-60.0,,,,,-91.0,0
585,,-70.0,,,,,-80.0,1
586,-59.0,-57.0,,-61.0,-63.0,,-87.0,0
587,,-56.0,-63.0,,-71.0,,-78.0,1
588,-64.0,-55.0,-55.0,,-49.0,-93.0,-85.0,3
589,-43.0,,-68.0,,-72.0,,,1
590,-63.0,-54.0,,,-71.0,,,0
591,,-50.0,,,,,,2
592,,,,-38.0,,-72.0,,1
593,,-60.0,-73.0,-58.0,-68.0,,-92.0,2
594,,-52.0,-50.0,-39.0,,-75.0,,1
595,,-54.0,,-65.0,,,-82.0,0
596,,,,-35.0,,,,1
597,-39.0,,-55.0,-37.0,,,,1
598,-64.0,,,-65.0,-51.0,-93.0,-92.0,3
599,-52.0,,-51.0,,-63.0,,,2
600,,-54.0,-53.0,,,-75.0,,2
601,,-55.0,,-47.0,,,,2
602,,-59.0,,-57.0,-54.0,-82.0,-89.0,3
603,-49.0,,-50.0,-45.0,-64.0,,-85.0,2
604,,,-51.0,-37.0,,,-77.0,1
605,-62.0,,,,-68.0,,-82.0,0
606,,,,-51.0,-64.0,,-87.0,2
607,-58.0,-57.0,,,,-82.0,-84.0,3
608,-40.0,,,-39.0,-67.0,-81.0,-74.0,1
609,-61.0,,,-61.0,-64.0,-78.0,,0
610,,,-50.0,-52.0,,,-77.0,2
611,-59.0,,-61.0,-65.0,,,,0
612,,,-54.0,-69.0,-53.0,,,3
613,-63.0,,,-63.0,,,-75.0,0
614,-52.0,-52.0,,-49.0,,,-80.0,2
615,,-58.0,,-57.0,,-91.0,-93.0,3
616,-49.0,-52.0,,-46.0,,-77.0,-77.0,2
617,-63.0,,,,-59.0,-89.0,,2
618,-51.0,,,,,,,2
619,-48.0,,,,-63.0,-79.0,-77.0,2
620,,,-47.0,-42.0,,-73.0,-70.0,1
621,,-56.0,,,-49.0,,,3
622,,,,-41.0,-74.0,,-69.0,1
623,-58.0,-51.0,,,-50.0,-79.0,-87.0,3
624,,-56.0,,,-66.0,,-83.0,0
625,,-53.0,-51.0,,-60.0,,,2
626,-35.0,-56.0,,-36.0,-69.0,,-78.0,1
627,-61.0,-54.0,-48.0,,,-89.0,,3
628,-49.0,-55.0,,-49.0,,-80.0,,2
629,-68.0,-63.0,-65.0,,-81.0,,,0
630,,-50.0,-49.0,,-45.0,-86.0,,3
631,,,-63.0,-65.0,-68.0,-85.0,-90.0,0
632,,-55.0,,,-44.0,,,3
633,-15.0,,-56.0,-15.0,,-76.0,,1
634,,-59.0,,,,-79.0,-87.0,1
635,-63.0,,,-68.0,,,-89.0,0
636,,-57.0,,-60.0,-39.0,-88.0,,3
637,-40.0,,,-39.0,,-70.0,,1
638,-59.0,-51.0,-58.0,-57.0,,,-85.0,0
639,,-52.0,,-56.0,-67.0,,-91.0,2
640,-57.0,-56.0,,-66.0,,-84.0,-91.0,3
641,-12.0,,-63.0,-18.0,-69.0,,,1
642,-58.0,,-51.0,,-53.0,-87.0,-87.0,3
643,,-57.0,,-65.0,-48.0,-91.0,,3
644,,,,,-65.0,,,2
645,-39.0,-56.0,-58.0,-37.0,-64.0,-76.0,,1
646,-64.0,-59.0,,,,-84.0,-81.0,0
647,,-58.0,-51.0,,,,-80.0,2
648,,-54.0,,-21.0,,,,1
649,,,-54.0,,,-76.0,,1
650,,-52.0,,,-69.0,-78.0,-86.0,2
651,,,,,-65.0,-80.0,,0
652,,-55.0,,-61.0,-44.0,-88.0,-86.0,3
653,,-59.0,-58.0,,-74.0,-82.0,,0
654,-49.0,,,,,-85.0,-81.0,2
655,,,,,,,-92.0,3
656,,,,,-66.0,,,2
657,,,,,,,,1
658,-38.0,-59.0,,-44.0,,,,1
659,,-60.0,-55.0,,-53.0,-88.0,,3
660,,-56.0,,,,-78.0,-67.0,1
661,,-49.0,,,-65.0,,-79.0,0
662,,,-53.0,,-66.0,,-69.0,1
663,,,,,-63.0,-78.0,-80.0,2
664,-36.0,-52.0,-59.0,,-64.0,,-74.0,1
665,,,-51.0,,,,-87.0,3
666,-59.0,,,,-51.0,-87.0,-86.0,3
667,,-51.0,-51.0,-36.0,-67.0,,,1
668,,-53.0,-59.0,-64.0,-71.0,-80.0,-79.0,0
669,,,-59.0,-55.0,-70.0,,,2
670,,,-53.0,-50.0,,-79.0,-78.0,1
671,-51.0,-55.0,,,,-84.0,,2
672,-61.0,,-59.0,,-69.0,,,0
673,,,-55.0,-43.0,,,,1
674,-51.0,-55.0,,,,,-86.0,2
675,-62.0,,-57.0,,-72.0,,-81.0,0
676,-68.0,,,,-75.0,,,0
677,,,,-43.0,-64.0,-74.0,,2
678,-62.0,,,,-65.0,,-81.0,0
679,,-58.0,-64.0,,-73.0,,-86.0,0
680,-61.0,-58.0,-53.0,-57.0,-45.0,-86.0,,3
681,-46.0,,,-48.0,,,-86.0,2
682,-43.0,-55.0,-53.0,,-60.0,,,2
683,-50.0,,,-46.0,-64.0,,-77.0,2
684,-39.0,-56.0,,-40.0,,-75.0,-72.0,1
685,-51.0,,-56.0,,-66.0,,,2
686,-38.0,,-57.0,,,,,1
687,,-59.0,,-27.0,,,-76.0,1
688,-67.0,,,-64.0,-48.0,,-87.0,3
689,-62.0,-58.0,-50.0,-58.0,,,-87.0,3
690,,-52.0,-48.0,,-62.0,,-80.0,2
691,-38.0,,-53.0,,,-71.0,,1
692,,,-47.0,-64.0,,-83.0,,3
693,,,,-38.0,-74.0,,,1
694,-63.0,-54.0,-53.0,-65.0,-52.0,,-89.0,3
695,,,-54.0,,,,-77.0,2
696,,,-51.0,-57.0,,,,3
697,,,-54.0,-22.0,,-70.0,,1
698,,-57.0,,-45.0,-77.0,,,1
699,,,,,,-80.0,-86.0,2
700,,,-50.0,,,,-81.0,2
701,-39.0,-59.0,-49.0,-37.0,-68.0,,,1
702,-39.0,,-57.0,-36.0,-64.0,-65.0,,1
703,-57.0,-58.0,-52.0,,,-86.0,-90.0,3
704,,-53.0,-55.0,-65.0,-49.0,,-87.0,3
705,,-53.0,,-27.0,,-72.0,,1
706,-65.0,,,,,-83.0,,0
707,,-59.0,,,,-87.0,,0
708,-61.0,,-48.0,,-47.0,-85.0,,3
709,,-58.0,,,-64.0,-80.0,-85.0,2
710,,-57.0,-57.0,-36.0,,-82.0,-72.0,1
711,,,-58.0,-62.0,,-81.0,-81.0,0
712,,-49.0,,-60.0,-70.0,-78.0,-80.0,0
713,,,,,,-85.0,-80.0,2
714,-62.0,,-62.0,-65.0,-75.0,,,0
715,-35.0,,,,,-73.0,,1
716,-63.0,,,-60.0,-66.0,-79.0,-82.0,0
717,-59.0,,,-62.0,-47.0,-91.0,,3
718,,-54.0,,-56.0,-68.0,,,0
719,-59.0,-50.0,,-59.0,,,-87.0,3
720,,-52.0,-56.0,-36.0,,-68.0,,1
721,-60.0,-58.0,-57.0,-59.0,-66.0,-82.0,-83.0,0
722,,,,,,,-88.0,0
723,,,,-70.0,,-87.0,-87.0,3
724,,-50.0,,-62.0,-61.0,,,0
725,,,,-15.0,-71.0,,,1
726,,,-53.0,-36.0,-61.0,-77.0,-74.0,1
727,,-49.0,,-63.0,-62.0,,-79.0,0
728,-37.0,,-47.0,,-63.0,-70.0,,1
729,-49.0,-54.0,,-50.0,-70.0,,,2
730,,,-63.0,-45.0,-80.0,,-65.0,1
731,,-47.0,,-52.0,,,-80.0,2
732,,,,,-65.0,,,0
733,,,-59.0,-63.0,,,,0
734,-61.0,,,,,-82.0,-85.0,3
735,,-52.0,-55.0,-38.0,,-66.0,-85.0,1
736,,,-63.0,-62.0,-72.0,-85.0,-86.0,0
737,,-56.0,,,,-81.0,-83.0,0
738,,,,-62.0,-45.0,-88.0,-86.0,3
739,,-56.0,-61.0,,-75.0,-84.0,,0
740,,,-58.0,,-64.0,,-73.0,1
741,-61.0,,,-60.0,,-84.0,-86.0,3
742,,-55.0,-55.0,,,-72.0,,1
743,,,,,-51.0,-82.0,,3
744,,,,,,-67.0,,1
745,-37.0,,-54.0,-37.0,-67.0,-79.0,,1
746,-37.0,,,,-66.0,,,1
747,,-55.0,,-49.0,,,,2
748,-68.0,-57.0,,-69.0,,,-82.0,0
749,-45.0,-53.0,,,-63.0,-83.0,,2
750,,,-55.0,,-70.0,,,2
751,-62.0,-58.0,-52.0,,,,-84.0,3
752,-49.0,-52.0,,-53.0,,,-85.0,2
753,,,-55.0,-67.0,,-82.0,-89.0,0
754,-42.0,,,,,,-77.0,1
755,,,-63.0,-44.0,,-76.0,,1
756,-59.0,-50.0,-45.0,-63.0,,-84.0,-86.0,3
757,-52.0,,-52.0,,,-78.0,-80.0,2
758,-52.0,-57.0,-53.0,,,,-83.0,2
759,-60.0,-50.0,-51.0,-62.0,,-87.0,,3
760,,-60.0,-62.0,,,,-82.0,0
761,,-56.0,-47.0,-58.0,,,,3
762,,-55.0,,-57.0,-46.0,-83.0,-85.0,3
763,,-58.0,,,,,-82.0,0
764,-46.0,,-50.0,-53.0,,,,2
765,-67.0,-57.0,-55.0,,,,-87.0,3
766,-62.0,,-52.0,,,,-98.0,3
767,,-58.0,-52.0,,-50.0,-87.0,,3
768,,-51.0,,-59.0,,-91.0,-89.0,3
769,-35.0,,,-34.0,-61.0,-71.0,-74.0,1
770,-49.0,,-50.0,-52.0,-60.0,-85.0,-88.0,2
771,-49.0,,,-47.0,-72.0,,-79.0,1
772,,-51.0,-45.0,-54.0,,,-85.0,3
773,,,-57.0,,,-87.0,,3
774,-63.0,,,,,-83.0,,0
775,,,-46.0,,,-84.0,,2
776,,,-67.0,,-63.0,-81.0,,1
777,,,-57.0,,-62.0,-81.0,-78.0,2
778,,,-54.0,-59.0,-64.0,,,0
779,,-55.0,,,,-72.0,-66.0,1
780,,,,-49.0,,-84.0,-89.0,2
781,,,-50.0,,,,-81.0,2
782,,,,,-39.0,,,3
783,,,-47.0,-71.0,,,-83.0,3
784,,-58.0,,-51.0,-62.0,,-85.0,2
785,-67.0,,,-60.0,,-83.0,,0
786,-58.0,,-61.0,-59.0,,,,0
787,,-56.0,-48.0,-60.0,-55.0,,-84.0,3
788,-16.0,,,-35.0,-69.0,-81.0,,1
789,-47.0,-52.0,-56.0,,,-83.0,-83.0,2
790,,-53.0,,-52.0,,,-84.0,2
791,,-54.0,,-55.0,,-87.0,-91.0,3
792,-39.0,-57.0,,-38.0,-56.0,,-72.0,1
793,,-53.0,-56.0,,,-75.0,-83.0,1
794,-56.0,-55.0,-45.0,,-52.0,-84.0,,3
795,,-54.0,-50.0,-45.0,,,,1
796,-12.0,-55.0,,,-70.0,-76.0,-75.0,1
797,,,-43.0,,-55.0,-83.0,,3
798,-41.0,,-56.0,-36.0,-62.0,,,1
799,,,,-43.0,,-67.0,-66.0,1
800,,,-63.0,,,,,1
801,,,-57.0,-59.0,,-88.0,,3
802,,-57.0,,-51.0,-60.0,-89.0,-83.0,2
803,,-52.0,-50.0,-41.0,,-68.0,-72.0,1
804,,-53.0,-54.0,-45.0,-61.0,-86.0,-83.0,2
805,-63.0,,,-63.0,-68.0,,,0
806,-27.0,-60.0,,,,-68.0,,1
807,-38.0,-54.0,,-42.0,,-71.0,,1
808,,,,,-63.0,,-68.0,1
809,-67.0,,,-61.0,,,-91.0,0
810,-60.0,,,-62.0,,,-86.0,0
811,-43.0,-55.0,,,,,-76.0,1
812,-59.0,,-52.0,-71.0,,,-88.0,3
813,,,,,,,-81.0,0
814,-18.0,,,,,-73.0,-66.0,1
815,-63.0,-58.0,-54.0,-67.0,,,-98.0,3
816,-63.0,-57.0,-66.0,,,,,0
817,-14.0,,,,-67.0,-71.0,-72.0,1
818,,-54.0,-53.0,-49.0,-63.0,,,2
819,,,-55.0,-53.0,-66.0,,-80.0,1
820,-58.0,,,,,-78.0,,0
821,-57.0,-61.0,-54.0,-64.0,-48.0,,,3
822,-51.0,,-51.0,-51.0,,,-86.0,2
823,-61.0,-54.0,,,,-92.0,,3
824,-52.0,-52.0,,-49.0,,,-84.0,2
825,,-57.0,-60.0,,-74.0,,-90.0,0
826,-65.0,,,-63.0,-69.0,,,0
827,,,,,-70.0,-82.0,,1
828,-60.0,,,-63.0,,-87.0,,3
829,-64.0,,,,,-93.0,-92.0,3
830,-38.0,-52.0,-56.0,-44.0,-65.0,,-75.0,1
831,,-59.0,-62.0,,-71.0,,-84.0,0
832,-46.0,-52.0,-51.0,-55.0,-60.0,-80.0,,2
833,-64.0,-57.0,,-63.0,-68.0,-85.0,-81.0,0
834,,-57.0,,,-68.0,,-88.0,0
835,-60.0,-53.0,-60.0,,,,,0
836,-65.0,-54.0,,-66.0,-70.0,,-80.0,0
837,-43.0,,-55.0,,,-71.0,-74.0,1
838,-59.0,,-52.0,-56.0,-50.0,-86.0,,3
839,-42.0,-58.0,-65.0,,-71.0,,-73.0,1
840,,-58.0,-67.0,,-70.0,,-84.0,0
841,-57.0,-56.0,,-59.0,,,,3
842,-55.0,,,-59.0,-53.0,,-84.0,3
843,-56.0,-53.0,-42.0,-61.0,-49.0,-83.0,,3
844,,,,,,-84.0,-86.0,3
845,-41.0,,,-40.0,-62.0,,,1
846,-45.0,-58.0,-55.0,,-68.0,,,1
847,-62.0,-59.0,-61.0,-66.0,,-86.0,-80.0,0
848,-52.0,,,-56.0,-64.0,-78.0,-88.0,2
849,,-57.0,-58.0,,-70.0,,,0
850,,,-51.0,-39.0,,,-72.0,1
851,-16.0,-58.0,,-13.0,-68.0,,-90.0,1
852,,,,-16.0,-71.0,,,1
853,-39.0,-54.0,-55.0,-37.0,-71.0,,,1
854,,,,-60.0,-40.0,-87.0,-87.0,3
855,,-52.0,,,,-88.0,-87.0,3
856,-54.0,,-50.0,-49.0,,-84.0,-81.0,2
857,-50.0,-57.0,-54.0,-44.0,,,-85.0,2
858,,,,-48.0,-59.0,-79.0,-78.0,2
859,-46.0,,,-48.0,-71.0,,,1
860,,,,,-82.0,,-78.0,1
861,-51.0,-52.0,,-54.0,-61.0,-79.0,-76.0,2
862,-53.0,-62.0,,-53.0,-65.0,-79.0,,2
863,,-54.0,-52.0,-20.0,-66.0,-70.0,,1
864,,-56.0,,-60.0,,,-85.0,3
865,-43.0,,,,,-72.0,-70.0,1
866,-52.0,,-52.0,,-61.0,-86.0,,2
867,-55.0,,,-53.0,,,-87.0,2
868,-35.0,,,,-59.0,-73.0,-70.0,1
869,-36.0,,,,-70.0,,,1
870,-54.0,-59.0,-52.0,,,-76.0,-81.0,2
871,-64.0,-56.0,,-62.0,-53.0,-88.0,-87.0,3
872,-66.0,-56.0,-54.0,-69.0,,-82.0,,0
873,,,-59.0,,-67.0,-80.0,,0
874,,,,,,-75.0,,1
875,-37.0,-55.0,-55.0,,,-66.0,-69.0,1
876,-38.0,-55.0,-56.0,-36.0,,-70.0,-66.0,1
877,,-51.0,,,-67.0,,-80.0,0
878,,-55.0,-52.0,-14.0,-71.0,,-82.0,1
879,,-57.0,-57.0,-52.0,-62.0,-86.0,-84.0,2
880,,,-51.0,,,,,2
881,,,-57.0,-64.0,-47.0,-85.0,-89.0,3
882,,,,,-67.0,,,2
883,-65.0,-50.0,-51.0,-57.0,-70.0,-80.0,,0
884,,,,,-63.0,-86.0,,2
885,-59.0,-55.0,-49.0,,,,-93.0,3
886,,,,,,,,2
887,-61.0,,-55.0,,,,,3
888,,-57.0,,-60.0,-50.0,-86.0,,3
889,-64.0,-55.0,-55.0,,,,,3
890,,-59.0,,-51.0,-69.0,,,1
891,-52.0,,,-53.0,,,,2
892,-65.0,,-62.0,-65.0,,-84.0,-85.0,0
893,,,,,-65.0,-77.0,-80.0,0
894,-49.0,-54.0,,-56.0,,,,2
895,-52.0,,,,-61.0,-83.0,-81.0,2
896,,-51.0,,-50.0,,,,2
897,-51.0,-53.0,-52.0,-54.0,-65.0,-77.0,-87.0,2
898,-64.0,,,,,,-84.0,0
899,,,,,-59.0,,-78.0,2
900,-49.0,-52.0,,-54.0,-65.0,,,2
901,,,,-61.0,-63.0,-77.0,,0
902,-63.0,,,-63.0,,,-92.0,3
903,,,,,-52.0,-89.0,-88.0,3
904,-61.0,,-54.0,-63.0,-64.0,,,0
905,-56.0,,,-62.0,-71.0,,,0
906,-10.0,,,,-73.0,,-74.0,1
907,,-54.0,-53.0,,,,,3
908,-49.0,-56.0,,,-62.0,-78.0,-81.0,2
909,,,-53.0,,,-72.0,,1
910,-45.0,,,,-71.0,-89.0,,1
911,-62.0,-53.0,,-60.0,,-87.0,-86.0,0
912,-55.0,-60.0,-50.0,-55.0,-63.0,,-87.0,2
913,,-54.0,,-54.0,,-81.0,-79.0,2
914,-61.0,-53.0,,-58.0,-71.0,,-86.0,0
915,-50.0,-52.0,-49.0,-45.0,-64.0,-76.0,,2
916,,-51.0,,-59.0,-48.0,-87.0,-82.0,3
917,-57.0,-53.0,,-61.0,-56.0,,-83.0,3
918,-12.0,-60.0,,-15.0,,,-70.0,1
919,-55.0,-51.0,,,-59.0,-89.0,,2
920,-63.0,-58.0,-46.0,,-49.0,,-93.0,3
921,,,,,-67.0,,-88.0,2
922,,-53.0,,-47.0,,-66.0,,1
923,,,,-54.0,-68.0,,-85.0,2
924,,-58.0,,,,,,3
925,-17.0,-74.0,-60.0,,-73.0,,,1
926,-17.0,-59.0,-63.0,-15.0,,,,1
927,-64.0,,,,-68.0,-84.0,-82.0,0
928,-59.0,,,,,-80.0,,0
929,,,-64.0,,-74.0,-69.0,-70.0,1
930,,,-50.0,,,,,2
931,,,-59.0,,-62.0,,,2
932,,,-56.0,-61.0,-70.0,-77.0,-77.0,0
933,-41.0,-59.0,-65.0,-47.0,,,-66.0,1
934,-39.0,,-55.0,,,-77.0,-79.0,1
935,-63.0,-57.0,,-66.0,,,-81.0,0
936,-66.0,-59.0,,-68.0,,-88.0,,0
937,-56.0,-54.0,,-57.0,-51.0,,,3
938,,,-55.0,-36.0,,-66.0,-70.0,1
939,,-54.0,,,,,-83.0,3
940,,,-60.0,,,-73.0,-77.0,1
941,,,,-63.0,-72.0,,-84.0,0
942,-63.0,-61.0,,-68.0,,-87.0,-92.0,0
943,-63.0,,-61.0,,,,-87.0,0
944,-45.0,,,-49.0,-63.0,-78.0,-81.0,2
945,,,-54.0,-48.0,-67.0,-85.0,,2
946,-47.0,,-58.0,-50.0,,,-84.0,2
947,-40.0,,,-48.0,,-73.0,,1
948,,,,,-48.0,-83.0,-87.0,3
949,,-56.0,,,-52.0,-85.0,-85.0,3
950,,-57.0,-45.0,,,-92.0,-92.0,3
951,-44.0,,,,-67.0,,-79.0,1
952,-53.0,,-50.0,-55.0,-59.0,-86.0,,2
953,-63.0,-58.0,,-67.0,-74.0,,-87.0,0
954,-41.0,,,-37.0,-64.0,-79.0,,1
955,,-54.0,,,-66.0,,-87.0,2
956,,,-53.0,-36.0,-61.0,,,1
957,,,,-38.0,,,-73.0,1
958,,-54.0,-51.0,-53.0,,,-79.0,2
959,-38.0,-59.0,-61.0,,-68.0,,-73.0,1
960,-62.0,-56.0,,-63.0,,,-91.0,0
961,-36.0,,-54.0,-36.0,,,-73.0,1
962,,,,-61.0,-48.0,-83.0,-84.0,3
963,,,-52.0,-52.0,-70.0,,,2
964,,,,-45.0,,-72.0,,1
965,-55.0,,-45.0,-62.0,,,-85.0,3
966,,-57.0,,,,-74.0,,1
967,,,,-51.0,-72.0,,,1
968,,,,,-77.0,-91.0,,0
969,-63.0,,-60.0,,-76.0,-85.0,,0
970,,-54.0,-52.0,-59.0,-44.0,-86.0,,3
971,,,-59.0,,-77.0,,,1
972,,-64.0,-53.0,-52.0,,,-78.0,2
973,,-57.0,,-44.0,,-86.0,-77.0,1
974,-58.0,-56.0,-46.0,,,,-87.0,3
975,,,,-35.0,,,,1
976,,,-61.0,-66.0,-75.0,-87.0,-86.0,0
977,,,,,,-84.0,,3
978,-51.0,,-58.0,-49.0,-60.0,-84.0,,2
979,-51.0,-55.0,-54.0,-49.0,-60.0,,-84.0,2
980,,-59.0,,-63.0,-74.0,-87.0,-87.0,0
981,,,,,-59.0,,,2
982,-59.0,-54.0,-63.0,,-75.0,,,0
983,-62.0,-58.0,,-59.0,,-80.0,-77.0,0
984,,,-57.0,-41.0,-63.0,,,1
985,-53.0,-47.0,,,,-83.0,-84.0,2
986,-36.0,-57.0,,-37.0,,-77.0,-72.0,1
987,-66.0,-60.0,-65.0,-62.0,-70.0,-85.0,,0
988,,-59.0,,,,-88.0,-87.0,3
989,,,-52.0,-44.0,,,,2
990,-51.0,,-50.0,,-62.0,,,2
991,-51.0,,,,,-76.0,,2
992,-49.0,,-48.0,,,-78.0,,2
993,-38.0,,,-45.0,,,,1
994,-64.0,,-52.0,,,,,3
995,-40.0,,,-39.0,,-71.0,,1
996,,,,,-67.0,-80.0,,1
997,,,-58.0,-37.0,,,,1
998,,-50.0,-49.0,,,,,1
999,-56.0,-53.0,-43.0,-61.0,,-80.0,,3
1000,,-52.0,-51.0,,-64.0,,-89.0,2
1001,-60.0,,-57.0,-68.0,-50.0,,-87.0,3
1002,,-56.0,-56.0,-66.0,-49.0,,,3
1003,,-61.0,,-49.0,,,,2
1004,-58.0,-54.0,,-60.0,-55.0,,,3
1005,-51.0,-52.0,-52.0,,-68.0,-79.0,-87.0,2
1006,,-50.0,-61.0,,-64.0,-85.0,-91.0,0
1007,-57.0,-49.0,,,-50.0,-84.0,,3
1008,-57.0,-57.0,,-59.0,-49.0,-88.0,-88.0,3
1009,,,,,,-86.0,,0
1010,-59.0,,-57.0,-59.0,,-87.0,,3
1011,-56.0,-51.0,-47.0,-51.0,-71.0,-79.0,-75.0,2
1012,-53.0,,-59.0,,-62.0,-81.0,,2
1013,-42.0,-54.0,,-41.0,,-75.0,,1
1014,,,,-36.0,-63.0,,,1
1015,,,-50.0,,,-80.0,,1
1016,-53.0,-55.0,-54.0,-51.0,,-79.0,,2
1017,,-57.0,-53.0,,,,,3
1018,-48.0,,,,,-82.0,-86.0,2
1019,,,-49.0,-41.0,-63.0,,-64.0,1
1020,-67.0,,-52.0,-64.0,,-89.0,-85.0,3
1021,,-55.0,-51.0,-49.0,,,,2
1022,,,-59.0,,,,,0
1023,-62.0,,,-61.0,,-84.0,,0
1024,,-54.0,-53.0,-50.0,-68.0,-78.0,-85.0,2
1025,,-56.0,-53.0,,,,,1
1026,-51.0,,-51.0,,,-78.0,-89.0,2
1027,-60.0,,,,,-81.0,-82.0,0
1028,-60.0,-58.0,-60.0,-61.0,,,-88.0,0
1029,,,-60.0,,-49.0,,,3
1030,,,-64.0,-68.0,,,-89.0,0
1031,,,-57.0,-65.0,,,-88.0,3
1032,-36.0,,-56.0,,,,,1
1033,,-52.0,-60.0,,-66.0,,,1
1034,-66.0,,-64.0,,-68.0,,-83.0,0
1035,-51.0,-56.0,-51.0,,,,-83.0,2
1036,,-57.0,,,-44.0,,,3
1037,-46.0,-53.0,,-43.0,,-83.0,-78.0,2
1038,,-63.0,,,-70.0,-72.0,-73.0,1
1039,-62.0,-54.0,,,-70.0,,-81.0,0
1040,,-53.0,-49.0,,-71.0,-69.0,,1
1041,-65.0,,,-63.0,,,,3
1042,,,,-43.0,,-64.0,,1
1043,-48.0,,,,-66.0,,-75.0,2
1044,,-59.0,,-64.0,-46.0,,-95.0,3
1045,-66.0,-57.0,,,,,-87.0,3
1046,,,,-62.0,-69.0,,-79.0,0
1047,-60.0,,-56.0,-64.0,-52.0,,-88.0,3
1048,,-56.0,-54.0,-69.0,-75.0,-83.0,,0
1049,-59.0,-52.0,-58.0,-65.0,,,-80.0,0
1050,,-62.0,-59.0,,,-79.0,-81.0,1
1051,,,,-62.0,,-91.0,-88.0,3
1052,,,,,-61.0,,,2
1053,,,,,,,,0
1054,-60.0,,,-56.0,-48.0,-84.0,-86.0,3
1055,,-52.0,-61.0,-61.0,,,,0
1056,-43.0,,,,,-66.0,-69.0,1
1057,,-55.0,-48.0,,-51.0,-81.0,-86.0,3
1058,-65.0,-58.0,,,,,-85.0,0
1059,-51.0,,-52.0,,-63.0,-84.0,,2
1060,-62.0,,,,,,-89.0,0
1061,,,-55.0,,-65.0,,,1
1062,,,,,-64.0,-76.0,-74.0,1
1063,,,,,-52.0,-93.0,,3
1064,,-60.0,-55.0,-49.0,-63.0,,,2
1065,,,,-61.0,-74.0,,,0
1066,-59.0,-57.0,,,,,-84.0,0
1067,,-51.0,,,-47.0,-86.0,-90.0,3
1068,,,-49.0,-60.0,-48.0,,-91.0,3
1069,-40.0,,,,-64.0,-69.0,,1
1070,,-51.0,-50.0,,,-79.0,-78.0,2
1071,,,,,-66.0,-77.0,,2
1072,-57.0,,,,-51.0,,,3
1073,,-52.0,,,-74.0,-71.0,,1
1074,-63.0,-58.0,-58.0,-64.0,-66.0,,,0
1075,,-50.0,,,,-80.0,-81.0,0
1076,-68.0,-57.0,-61.0,-65.0,-71.0,,-85.0,0
1077,-52.0,,,-43.0,-61.0,-86.0,,2
1078,-41.0,-57.0,,-40.0,-66.0,,,1
1079,-27.0,,,-38.0,-62.0,,,1
1080,-52.0,-64.0,-54.0,,,,-78.0,2
1081,,-59.0,,-48.0,-67.0,-79.0,-79.0,2
1082,,,,,-67.0,-75.0,-78.0,0
1083,-41.0,-54.0,-52.0,,-68.0,,,1
1084,,,-49.0,-60.0,,,-87.0,3
1085,-51.0,,,,-60.0,,,2
1086,,,,,,,-81.0,2
1087,-63.0,,,,,-88.0,-88.0,3
1088,-35.0,,-54.0,-35.0,-61.0,,,1
1089,,-56.0,-65.0,,-66.0,,,0
1090,-66.0,-60.0,,,-70.0,,-85.0,0
1091,,,-58.0,-42.0,,-76.0,-78.0,1
1092,-74.0,,-66.0,,-76.0,-89.0,,0
1093,,,-56.0,,,-92.0,,3
1094,-51.0,-55.0,-52.0,,-64.0,-86.0,,2
1095,,-52.0,-59.0,,,-82.0,-80.0,0
1096,,,,,,-73.0,,1
1097,,-52.0,,-63.0,,,,0
1098,,,,,,-77.0,-81.0,0
1099,,,,,,,-85.0,2
1100,,,,,,-88.0,-87.0,3
1101,-39.0,-55.0,-55.0,,,,,1
1102,-37.0,-58.0,,,,-74.0,,1
1103,,,-52.0,,-76.0,-71.0,-66.0,1
1104,-41.0,,,-41.0,-58.0,-80.0,-80.0,1
1105,-37.0,,,-36.0,-58.0,,-75.0,1
1106,,,-45.0,,,,-82.0,3
1107,,,,,,,,0
1108,-45.0,-58.0,-58.0,-40.0,,-86.0,-80.0,1
1109,,-59.0,-53.0,-64.0,,,,3
1110,,-46.0,-53.0,,,-79.0,,2
1111,,,,,,,-64.0,1
1112,,,,-27.0,,,-70.0,1
1113,,,-47.0,-47.0,,,,1
1114,,-54.0,,-64.0,-47.0,,-86.0,3
1115,,,,,,-81.0,-77.0,0
1116,,-55.0,-57.0,-37.0,,-79.0,-77.0,1
1117,-62.0,-56.0,-63.0,,-74.0,,,0
1118,,,-62.0,-65.0,,-90.0,,0
1119,-40.0,,,-42.0,-64.0,-74.0,-71.0,1
1120,,-56.0,-49.0,-58.0,-52.0,,,3
1121,-61.0,-52.0,-49.0,-58.0,,,-84.0,3
1122,-59.0,-59.0,-49.0,,-47.0,,,3
1123,,-56.0,,-63.0,,-89.0,,3
1124,,-54.0,-60.0,,,-79.0,-85.0,0
1125,-61.0,,,-58.0,-54.0,-94.0,-85.0,3
1126,,-57.0,-57.0,-64.0,-69.0,,,0
1127,,-55.0,-50.0,-53.0,-62.0,-76.0,,2
1128,,,-50.0,,,,,2
1129,,,-61.0,-59.0,,,-83.0,0
1130,,-58.0,-54.0,,,-85.0,,2
1131,,-55.0,,,-66.0,,-75.0,1
1132,,,-58.0,,,-72.0,-74.0,1
1133,,-57.0,-66.0,-60.0,,-87.0,,0
1134,,-56.0,-57.0,,,,,1
1135,-36.0,,,,-66.0,,-71.0,1
1136,,-56.0,-49.0,,,-85.0,-82.0,3
1137,,,,-50.0,-63.0,,,2
1138,-65.0,,-49.0,,,,-91.0,3
1139,-37.0,-59.0,-57.0,,,-68.0,,1
1140,-47.0,-58.0,,,,-76.0,,2
1141,-49.0,-53.0,,-42.0,,,,2
1142,,-57.0,-50.0,-52.0,,,,2
1143,-60.0,-56.0,,,,,-82.0,3
1144,-61.0,-58.0,,,-70.0,,,0
1145,-65.0,-60.0,-62.0,-68.0,-69.0,-84.0,-89.0,0
1146,-40.0,-63.0,-67.0,-40.0,,-70.0,-70.0,1
1147,,,-44.0,,-50.0,,,3
1148,,,-49.0,,,,-83.0,2
1149,,,-61.0,,-60.0,-73.0,-76.0,1
1150,-58.0,-58.0,,,,-85.0,-89.0,3
1151,,,,,,,-83.0,0
1152,-45.0,,-55.0,-48.0,-67.0,-77.0,-84.0,1
1153,-49.0,,-53.0,,,-87.0,,2
1154,,,-53.0,,-64.0,-79.0,-80.0,2
1155,-55.0,,,,,,-88.0,3
1156,-64.0,,,,,-92.0,,3
1157,,-58.0,-54.0,,,-80.0,,2
1158,-51.0,,,-55.0,,,-88.0,2
1159,-60.0,-59.0,,,-45.0,-87.0,,3
1160,-50.0,-55.0,,,,-83.0,-91.0,2
1161,,,,-65.0,-49.0,,-88.0,3
1162,-60.0,,-59.0,,,,,0
1163,-40.0,,-64.0,,,,,1
1164,,-55.0,,,,-88.0,,3
1165,,,,,-71.0,,,1
1166,-67.0,,,-68.0,-75.0,-85.0,-80.0,0
1167,-61.0,,-58.0,,,-76.0,,0
1168,-61.0,-55.0,,,-66.0,-79.0,-78.0,0
1169,-57.0,-60.0,,-61.0,-54.0,,,3
1170,-50.0,-54.0,-51.0,-50.0,,-87.0,,2
1171,-53.0,-56.0,-46.0,,-62.0,-80.0,,2
1172,,,-49.0,,-56.0,-83.0,,3
1173,,-62.0,-66.0,,,-84.0,-85.0,0
1174,,,,,-81.0,,-83.0,0
1175,,-58.0,,,-73.0,,-85.0,0
1176,-41.0,,-54.0,,,,-68.0,1
1177,,,,,-50.0,-85.0,,3
1178,-40.0,,-50.0,,,-71.0,,1
1179,-61.0,-61.0,,-64.0,,-84.0,-89.0,3
1180,,,,-55.0,,-88.0,,2
1181,-49.0,-56.0,-49.0,,-64.0,,,2
1182,,-57.0,,-64.0,-69.0,,,0
1183,-38.0,-57.0,,-39.0,-68.0,-73.0,,1
1184,-48.0,-47.0,,,-60.0,,,2
1185,-54.0,-55.0,-50.0,-48.0,,-80.0,,2
1186,,-58.0,-52.0,,-41.0,-90.0,-85.0,3
1187,,-56.0,,,-63.0,-81.0,-82.0,2
1188,,-54.0,-59.0,-40.0,-68.0,-76.0,,1
1189,,-59.0,,-65.0,,,,3
1190,-51.0,-53.0,-50.0,-51.0,,,,2
1191,,,-56.0,,-69.0,-79.0,,1
1192,,,-57.0,-55.0,-58.0,-79.0,-85.0,2
1193,-52.0,-53.0,-49.0,,-69.0,-79.0,-87.0,2
1194,,,,,-62.0,,-76.0,1
1195,,,,-52.0,-60.0,,,2
1196,-46.0,-58.0,,-49.0,,,,2
1197,,-55.0,-46.0,,,-86.0,,3
1198,-38.0,-53.0,-51.0,,,,-72.0,1
1199,-61.0,-53.0,-50.0,,-46.0,-84.0,-93.0,3
1200,-63.0,-56.0,,,,,,3
1201,,-53.0,,,-51.0,-89.0,,3
1202,,,-50.0,-55.0,,-87.0,-86.0,3
1203,,,,-40.0,-64.0,-67.0,,1
1204,,,,-40.0,,-70.0,,1
1205,,-56.0,,-63.0,-68.0,,-86.0,0
1206,-59.0,-52.0,,-59.0,-51.0,-89.0,-87.0,3
1207,-51.0,-53.0,-56.0,-56.0,-64.0,-77.0,,2
1208,,-49.0,,,,,-89.0,3
1209,-63.0,-56.0,-60.0,-62.0,-70.0,-84.0,-91.0,0
1210,-51.0,-62.0,-59.0,,,-85.0,,2
1211,-51.0,-52.0,-51.0,,-69.0,,,2
1212,-59.0,,,-65.0,-66.0,,-90.0,0
1213,,-54.0,-62.0,,,-80.0,-78.0,0
1214,,,,,-71.0,,,1
1215,-38.0,,,,-63.0,,,1
1216,,-59.0,,,-76.0,,,0
1217,-63.0,,-65.0,,,-83.0,,0
1218,-64.0,-58.0,,,,,-81.0,0
1219,,,,,-66.0,,,0
1220,-59.0,-55.0,,,-52.0,-86.0,,3
1221,,-60.0,,,,,-87.0,0
1222,,,-64.0,-66.0,-72.0,,-90.0,0
1223,-58.0,-56.0,-50.0,-58.0,-47.0,-87.0,-80.0,3
1224,-58.0,,-56.0,,,,,3
1225,-40.0,-58.0,-60.0,,,-74.0,-80.0,1
1226,,-55.0,,,,,,0
1227,,,,,,-81.0,-83.0,0
1228,-12.0,,,-11.0,-70.0,-75.0,-74.0,1
1229,,,,,,,,2
1230,,,-52.0,-37.0,,,,1
1231,,,,-67.0,-77.0,,,0
1232,,-56.0,,-64.0,,-84.0,,0
1233,,-52.0,-60.0,,-68.0,,-84.0,0
1234,-58.0,-52.0,-49.0,-60.0,,-87.0,-92.0,3
1235,-35.0,-58.0,,,,,-73.0,1
1236,,-57.0,-58.0,,-50.0,-83.0,-88.0,3
1237,,-54.0,-47.0,,,,-91.0,3
1238,,,,,-68.0,-83.0,,0
1239,-52.0,-55.0,,,,-87.0,-84.0,2
1240,-37.0,-54.0,-55.0,-37.0,-67.0,-71.0,-70.0,1
1241,-63.0,-58.0,,-65.0,-68.0,-81.0,-74.0,0
1242,,,-57.0,-36.0,,,,1
1243,-43.0,-52.0,-55.0,,-61.0,,,1
1244,-54.0,,,,-58.0,-78.0,-86.0,2
1245,,-59.0,-57.0,-51.0,-62.0,-72.0,-76.0,1
1246,-40.0,,-52.0,-41.0,-66.0,-63.0,,1
1247,,,-67.0,-50.0,,-79.0,,1
1248,-65.0,-59.0,-66.0,-65.0,,,-85.0,0
1249,,-60.0,,-66.0,,,,3
1250,,,,,,,-74.0,1
1251,-38.0,,-55.0,-39.0,,-71.0,-75.0,1
1252,,-59.0,-61.0,-62.0,,-81.0,,0
1253,-47.0,,,-51.0,-64.0,-80.0,,2
1254,,-57.0,-62.0,-61.0,-74.0,,,0
1255,,,,-43.0,-57.0,,,2
1256,,-57.0,-55.0,-42.0,,,,1
1257,,-57.0,,,-68.0,-85.0,-83.0,0
1258,-57.0,-61.0,-45.0,-62.0,-48.0,-87.0,-88.0,3
1259,,,-57.0,-49.0,-68.0,-92.0,-80.0,2
1260,-51.0,-63.0,-51.0,-52.0,,,,2
1261,,-59.0,-55.0,,,-67.0,-68.0,1
1262,-57.0,-61.0,-56.0,,,-86.0,-86.0,3
1263,,,,-38.0,-67.0,-72.0,,1
1264,-67.0,-52.0,,,,,-87.0,3
1265,-51.0,,,-51.0,,,,2
1266,,,-52.0,-52.0,-64.0,,-84.0,2
1267,,-53.0,-56.0,,,-76.0,,1
1268,-37.0,,,,,,-72.0,1
1269,-63.0,,-60.0,-65.0,-69.0,,-84.0,0
1270,,-52.0,,,,-86.0,-90.0,3
1271,-59.0,-52.0,,,,,-83.0,3
1272,,,-55.0,-49.0,-69.0,,-84.0,1
1273,,,,-66.0,,-86.0,-93.0,0
1274,,,,-36.0,,,,1
1275,,,-52.0,,,,,3
1276,,,-44.0,-52.0,,-79.0,-79.0,2
1277,,-62.0,-66.0,,-73.0,-77.0,,1
1278,,,,-61.0,,,-81.0,3
1279,,,-50.0,,-64.0,-82.0,,2
